name;idCountry;IdState
El Encanto;6511ea6285f35ec7b86c7633;65368d4331acd55571c0c3dc
La Chorrera;6511ea6285f35ec7b86c7633;65368d4331acd55571c0c3dc
La Pedrera;6511ea6285f35ec7b86c7633;65368d4331acd55571c0c3dc
La Victoria;6511ea6285f35ec7b86c7633;65368d4331acd55571c0c3dc
Leticia;6511ea6285f35ec7b86c7633;65368d4331acd55571c0c3dc
Miriti - Paraná;6511ea6285f35ec7b86c7633;65368d4331acd55571c0c3dc
Puerto Alegria;6511ea6285f35ec7b86c7633;65368d4331acd55571c0c3dc
Puerto Arica;6511ea6285f35ec7b86c7633;65368d4331acd55571c0c3dc
Puerto Nariño;6511ea6285f35ec7b86c7633;65368d4331acd55571c0c3dc
Puerto Santander;6511ea6285f35ec7b86c7633;65368d4331acd55571c0c3dc
Tarapacá;6511ea6285f35ec7b86c7633;65368d4331acd55571c0c3dc
Cáceres;6511ea6285f35ec7b86c7633;65368d4331acd55571c0c3dd
Caucasia;6511ea6285f35ec7b86c7633;65368d4331acd55571c0c3dd
El Bagre;6511ea6285f35ec7b86c7633;65368d4331acd55571c0c3dd
Nechí;6511ea6285f35ec7b86c7633;65368d4331acd55571c0c3dd
Tarazá;6511ea6285f35ec7b86c7633;65368d4331acd55571c0c3dd
Zaragoza;6511ea6285f35ec7b86c7633;65368d4331acd55571c0c3dd
Caracolí;6511ea6285f35ec7b86c7633;65368d4331acd55571c0c3dd
Maceo;6511ea6285f35ec7b86c7633;65368d4331acd55571c0c3dd
Puerto Berrio;6511ea6285f35ec7b86c7633;65368d4331acd55571c0c3dd
Puerto Nare;6511ea6285f35ec7b86c7633;65368d4331acd55571c0c3dd
Puerto Triunfo;6511ea6285f35ec7b86c7633;65368d4331acd55571c0c3dd
Yondó;6511ea6285f35ec7b86c7633;65368d4331acd55571c0c3dd
Amalfi;6511ea6285f35ec7b86c7633;65368d4331acd55571c0c3dd
Anorí;6511ea6285f35ec7b86c7633;65368d4331acd55571c0c3dd
Cisneros;6511ea6285f35ec7b86c7633;65368d4331acd55571c0c3dd
Remedios;6511ea6285f35ec7b86c7633;65368d4331acd55571c0c3dd
San Roque;6511ea6285f35ec7b86c7633;65368d4331acd55571c0c3dd
Santo Domingo;6511ea6285f35ec7b86c7633;65368d4331acd55571c0c3dd
Segovia;6511ea6285f35ec7b86c7633;65368d4331acd55571c0c3dd
Vegachí;6511ea6285f35ec7b86c7633;65368d4331acd55571c0c3dd
Yalí;6511ea6285f35ec7b86c7633;65368d4331acd55571c0c3dd
Yolombó;6511ea6285f35ec7b86c7633;65368d4331acd55571c0c3dd
Angostura;6511ea6285f35ec7b86c7633;65368d4331acd55571c0c3dd
Belmira;6511ea6285f35ec7b86c7633;65368d4331acd55571c0c3dd
Briceño;6511ea6285f35ec7b86c7633;65368d4331acd55571c0c3dd
Campamento;6511ea6285f35ec7b86c7633;65368d4331acd55571c0c3dd
Carolina;6511ea6285f35ec7b86c7633;65368d4331acd55571c0c3dd
Don Matias;6511ea6285f35ec7b86c7633;65368d4331acd55571c0c3dd
Entrerrios;6511ea6285f35ec7b86c7633;65368d4331acd55571c0c3dd
Gómez Plata;6511ea6285f35ec7b86c7633;65368d4331acd55571c0c3dd
Guadalupe;6511ea6285f35ec7b86c7633;65368d4331acd55571c0c3dd
Ituango;6511ea6285f35ec7b86c7633;65368d4331acd55571c0c3dd
San Andrés;6511ea6285f35ec7b86c7633;65368d4331acd55571c0c3dd
San José De La Montaña;6511ea6285f35ec7b86c7633;65368d4331acd55571c0c3dd
San Pedro;6511ea6285f35ec7b86c7633;65368d4331acd55571c0c3dd
Santa Rosa De Osos;6511ea6285f35ec7b86c7633;65368d4331acd55571c0c3dd
Toledo;6511ea6285f35ec7b86c7633;65368d4331acd55571c0c3dd
Valdivia;6511ea6285f35ec7b86c7633;65368d4331acd55571c0c3dd
Yarumal;6511ea6285f35ec7b86c7633;65368d4331acd55571c0c3dd
Abriaquí;6511ea6285f35ec7b86c7633;65368d4331acd55571c0c3dd
Anza;6511ea6285f35ec7b86c7633;65368d4331acd55571c0c3dd
Armenia;6511ea6285f35ec7b86c7633;65368d4331acd55571c0c3dd
Buriticá;6511ea6285f35ec7b86c7633;65368d4331acd55571c0c3dd
Cañasgordas;6511ea6285f35ec7b86c7633;65368d4331acd55571c0c3dd
Dabeiba;6511ea6285f35ec7b86c7633;65368d4331acd55571c0c3dd
Ebéjico;6511ea6285f35ec7b86c7633;65368d4331acd55571c0c3dd
Frontino;6511ea6285f35ec7b86c7633;65368d4331acd55571c0c3dd
Giraldo;6511ea6285f35ec7b86c7633;65368d4331acd55571c0c3dd
Heliconia;6511ea6285f35ec7b86c7633;65368d4331acd55571c0c3dd
Liborina;6511ea6285f35ec7b86c7633;65368d4331acd55571c0c3dd
Olaya;6511ea6285f35ec7b86c7633;65368d4331acd55571c0c3dd
Peque;6511ea6285f35ec7b86c7633;65368d4331acd55571c0c3dd
Sabanalarga;6511ea6285f35ec7b86c7633;65368d4331acd55571c0c3dd
San Jerónimo;6511ea6285f35ec7b86c7633;65368d4331acd55571c0c3dd
Santafé De Antioquia;6511ea6285f35ec7b86c7633;65368d4331acd55571c0c3dd
Sopetran;6511ea6285f35ec7b86c7633;65368d4331acd55571c0c3dd
Uramita;6511ea6285f35ec7b86c7633;65368d4331acd55571c0c3dd
Abejorral;6511ea6285f35ec7b86c7633;65368d4331acd55571c0c3dd
Alejandría;6511ea6285f35ec7b86c7633;65368d4331acd55571c0c3dd
Argelia;6511ea6285f35ec7b86c7633;65368d4331acd55571c0c3dd
Carmen De Viboral;6511ea6285f35ec7b86c7633;65368d4331acd55571c0c3dd
Cocorná;6511ea6285f35ec7b86c7633;65368d4331acd55571c0c3dd
Concepción;6511ea6285f35ec7b86c7633;65368d4331acd55571c0c3dd
Granada;6511ea6285f35ec7b86c7633;65368d4331acd55571c0c3dd
Guarne;6511ea6285f35ec7b86c7633;65368d4331acd55571c0c3dd
Guatape;6511ea6285f35ec7b86c7633;65368d4331acd55571c0c3dd
La Ceja;6511ea6285f35ec7b86c7633;65368d4331acd55571c0c3dd
La Unión;6511ea6285f35ec7b86c7633;65368d4331acd55571c0c3dd
Marinilla;6511ea6285f35ec7b86c7633;65368d4331acd55571c0c3dd
Nariño;6511ea6285f35ec7b86c7633;65368d4331acd55571c0c3dd
Peñol;6511ea6285f35ec7b86c7633;65368d4331acd55571c0c3dd
Retiro;6511ea6285f35ec7b86c7633;65368d4331acd55571c0c3dd
Rionegro;6511ea6285f35ec7b86c7633;65368d4331acd55571c0c3dd
San Carlos;6511ea6285f35ec7b86c7633;65368d4331acd55571c0c3dd
San Francisco;6511ea6285f35ec7b86c7633;65368d4331acd55571c0c3dd
San Luis;6511ea6285f35ec7b86c7633;65368d4331acd55571c0c3dd
San Rafael;6511ea6285f35ec7b86c7633;65368d4331acd55571c0c3dd
San Vicente;6511ea6285f35ec7b86c7633;65368d4331acd55571c0c3dd
Santuario;6511ea6285f35ec7b86c7633;65368d4331acd55571c0c3dd
Sonson;6511ea6285f35ec7b86c7633;65368d4331acd55571c0c3dd
Amaga;6511ea6285f35ec7b86c7633;65368d4331acd55571c0c3dd
Andes;6511ea6285f35ec7b86c7633;65368d4331acd55571c0c3dd
Angelopolis;6511ea6285f35ec7b86c7633;65368d4331acd55571c0c3dd
Betania;6511ea6285f35ec7b86c7633;65368d4331acd55571c0c3dd
Betulia;6511ea6285f35ec7b86c7633;65368d4331acd55571c0c3dd
Caicedo;6511ea6285f35ec7b86c7633;65368d4331acd55571c0c3dd
Caramanta;6511ea6285f35ec7b86c7633;65368d4331acd55571c0c3dd
Ciudad Bolívar;6511ea6285f35ec7b86c7633;65368d4331acd55571c0c3dd
Concordia;6511ea6285f35ec7b86c7633;65368d4331acd55571c0c3dd
Fredonia;6511ea6285f35ec7b86c7633;65368d4331acd55571c0c3dd
Hispania;6511ea6285f35ec7b86c7633;65368d4331acd55571c0c3dd
Jardín;6511ea6285f35ec7b86c7633;65368d4331acd55571c0c3dd
Jericó;6511ea6285f35ec7b86c7633;65368d4331acd55571c0c3dd
La Pintada;6511ea6285f35ec7b86c7633;65368d4331acd55571c0c3dd
Montebello;6511ea6285f35ec7b86c7633;65368d4331acd55571c0c3dd
Pueblorrico;6511ea6285f35ec7b86c7633;65368d4331acd55571c0c3dd
Salgar;6511ea6285f35ec7b86c7633;65368d4331acd55571c0c3dd
Santa Barbara;6511ea6285f35ec7b86c7633;65368d4331acd55571c0c3dd
Támesis;6511ea6285f35ec7b86c7633;65368d4331acd55571c0c3dd
Tarso;6511ea6285f35ec7b86c7633;65368d4331acd55571c0c3dd
Titiribí;6511ea6285f35ec7b86c7633;65368d4331acd55571c0c3dd
Urrao;6511ea6285f35ec7b86c7633;65368d4331acd55571c0c3dd
Valparaiso;6511ea6285f35ec7b86c7633;65368d4331acd55571c0c3dd
Venecia;6511ea6285f35ec7b86c7633;65368d4331acd55571c0c3dd
Apartadó;6511ea6285f35ec7b86c7633;65368d4331acd55571c0c3dd
Arboletes;6511ea6285f35ec7b86c7633;65368d4331acd55571c0c3dd
Carepa;6511ea6285f35ec7b86c7633;65368d4331acd55571c0c3dd
Chigorodó;6511ea6285f35ec7b86c7633;65368d4331acd55571c0c3dd
Murindó;6511ea6285f35ec7b86c7633;65368d4331acd55571c0c3dd
Mutata;6511ea6285f35ec7b86c7633;65368d4331acd55571c0c3dd
Necoclí;6511ea6285f35ec7b86c7633;65368d4331acd55571c0c3dd
San Juan De Uraba;6511ea6285f35ec7b86c7633;65368d4331acd55571c0c3dd
San Pedro De Uraba;6511ea6285f35ec7b86c7633;65368d4331acd55571c0c3dd
Turbo;6511ea6285f35ec7b86c7633;65368d4331acd55571c0c3dd
Vigía Del Fuerte;6511ea6285f35ec7b86c7633;65368d4331acd55571c0c3dd
Barbosa;6511ea6285f35ec7b86c7633;65368d4331acd55571c0c3dd
Bello;6511ea6285f35ec7b86c7633;65368d4331acd55571c0c3dd
Caldas;6511ea6285f35ec7b86c7633;65368d4331acd55571c0c3dd
Copacabana;6511ea6285f35ec7b86c7633;65368d4331acd55571c0c3dd
Envigado;6511ea6285f35ec7b86c7633;65368d4331acd55571c0c3dd
Girardota;6511ea6285f35ec7b86c7633;65368d4331acd55571c0c3dd
Itagui;6511ea6285f35ec7b86c7633;65368d4331acd55571c0c3dd
La Estrella;6511ea6285f35ec7b86c7633;65368d4331acd55571c0c3dd
Medellín;6511ea6285f35ec7b86c7633;65368d4331acd55571c0c3dd
Sabaneta;6511ea6285f35ec7b86c7633;65368d4331acd55571c0c3dd
Arauca;6511ea6285f35ec7b86c7633;65368d4331acd55571c0c3de
Arauquita;6511ea6285f35ec7b86c7633;65368d4331acd55571c0c3de
Cravo Norte;6511ea6285f35ec7b86c7633;65368d4331acd55571c0c3de
Fortul;6511ea6285f35ec7b86c7633;65368d4331acd55571c0c3de
Puerto Rondón;6511ea6285f35ec7b86c7633;65368d4331acd55571c0c3de
Saravena;6511ea6285f35ec7b86c7633;65368d4331acd55571c0c3de
Tame;6511ea6285f35ec7b86c7633;65368d4331acd55571c0c3de
Providencia Y Santa Catalina;6511ea6285f35ec7b86c7633;65368d4331acd55571c0c3df
San Andres;6511ea6285f35ec7b86c7633;65368d4331acd55571c0c3df
Barranquilla;6511ea6285f35ec7b86c7633;65368d4331acd55571c0c3e0
Galapa;6511ea6285f35ec7b86c7633;65368d4331acd55571c0c3e0
Malambo;6511ea6285f35ec7b86c7633;65368d4331acd55571c0c3e0
Puerto Colombia;6511ea6285f35ec7b86c7633;65368d4331acd55571c0c3e0
Soledad;6511ea6285f35ec7b86c7633;65368d4331acd55571c0c3e0
Campo De La Cruz;6511ea6285f35ec7b86c7633;65368d4331acd55571c0c3e0
Candelaria;6511ea6285f35ec7b86c7633;65368d4331acd55571c0c3e0
Luruaco;6511ea6285f35ec7b86c7633;65368d4331acd55571c0c3e0
Manati;6511ea6285f35ec7b86c7633;65368d4331acd55571c0c3e0
Repelon;6511ea6285f35ec7b86c7633;65368d4331acd55571c0c3e0
Santa Lucia;6511ea6285f35ec7b86c7633;65368d4331acd55571c0c3e0
Suan;6511ea6285f35ec7b86c7633;65368d4331acd55571c0c3e0
Baranoa;6511ea6285f35ec7b86c7633;65368d4331acd55571c0c3e0
Palmar De Varela;6511ea6285f35ec7b86c7633;65368d4331acd55571c0c3e0
Polonuevo;6511ea6285f35ec7b86c7633;65368d4331acd55571c0c3e0
Ponedera;6511ea6285f35ec7b86c7633;65368d4331acd55571c0c3e0
Sabanagrande;6511ea6285f35ec7b86c7633;65368d4331acd55571c0c3e0
Sabanalarga;6511ea6285f35ec7b86c7633;65368d4331acd55571c0c3dd
Santo Tomas;6511ea6285f35ec7b86c7633;65368d4331acd55571c0c3e0
Juan De Acosta;6511ea6285f35ec7b86c7633;65368d4331acd55571c0c3e0
Piojó;6511ea6285f35ec7b86c7633;65368d4331acd55571c0c3e0
Tubara;6511ea6285f35ec7b86c7633;65368d4331acd55571c0c3e0
Usiacuri;6511ea6285f35ec7b86c7633;65368d4331acd55571c0c3e0
Bogota D.C.;6511ea6285f35ec7b86c7633;65368d4331acd55571c0c3e3
Cicuco;6511ea6285f35ec7b86c7633;65368d4331acd55571c0c3e1
Hatillo De Loba;6511ea6285f35ec7b86c7633;65368d4331acd55571c0c3e1
Margarita;6511ea6285f35ec7b86c7633;65368d4331acd55571c0c3e1
Mompós;6511ea6285f35ec7b86c7633;65368d4331acd55571c0c3e1
San Fernando;6511ea6285f35ec7b86c7633;65368d4331acd55571c0c3e1
Talaigua Nuevo;6511ea6285f35ec7b86c7633;65368d4331acd55571c0c3e1
Arjona;6511ea6285f35ec7b86c7633;65368d4331acd55571c0c3e1
Arroyohondo;6511ea6285f35ec7b86c7633;65368d4331acd55571c0c3e1
Calamar;6511ea6285f35ec7b86c7633;65368d4331acd55571c0c3e1
Cartagena;6511ea6285f35ec7b86c7633;65368d4331acd55571c0c3e1
Clemencia;6511ea6285f35ec7b86c7633;65368d4331acd55571c0c3e1
Mahates;6511ea6285f35ec7b86c7633;65368d4331acd55571c0c3e1
San Cristobal;6511ea6285f35ec7b86c7633;65368d4331acd55571c0c3e1
San Estanislao;6511ea6285f35ec7b86c7633;65368d4331acd55571c0c3e1
Santa Catalina;6511ea6285f35ec7b86c7633;65368d4331acd55571c0c3e1
Santa Rosa De Lima;6511ea6285f35ec7b86c7633;65368d4331acd55571c0c3e1
Soplaviento;6511ea6285f35ec7b86c7633;65368d4331acd55571c0c3e1
Turbaco;6511ea6285f35ec7b86c7633;65368d4331acd55571c0c3e1
Turbana;6511ea6285f35ec7b86c7633;65368d4331acd55571c0c3e1
Villanueva;6511ea6285f35ec7b86c7633;65368d4331acd55571c0c3e1
Altos Del Rosario;6511ea6285f35ec7b86c7633;65368d4331acd55571c0c3e1
Barranco De Loba;6511ea6285f35ec7b86c7633;65368d4331acd55571c0c3e1
El Peñon;6511ea6285f35ec7b86c7633;65368d4331acd55571c0c3e1
Regidor;6511ea6285f35ec7b86c7633;65368d4331acd55571c0c3e1
Río Viejo;6511ea6285f35ec7b86c7633;65368d4331acd55571c0c3e1
San Martin De Loba;6511ea6285f35ec7b86c7633;65368d4331acd55571c0c3e1
Arenal;6511ea6285f35ec7b86c7633;65368d4331acd55571c0c3e1
Cantagallo;6511ea6285f35ec7b86c7633;65368d4331acd55571c0c3e1
Morales;6511ea6285f35ec7b86c7633;65368d4331acd55571c0c3e1
San Pablo;6511ea6285f35ec7b86c7633;65368d4331acd55571c0c3e1
Santa Rosa Del Sur;6511ea6285f35ec7b86c7633;65368d4331acd55571c0c3e1
Simití;6511ea6285f35ec7b86c7633;65368d4331acd55571c0c3e1
Achí;6511ea6285f35ec7b86c7633;65368d4331acd55571c0c3e1
Magangué;6511ea6285f35ec7b86c7633;65368d4331acd55571c0c3e1
Montecristo;6511ea6285f35ec7b86c7633;65368d4331acd55571c0c3e1
Pinillos;6511ea6285f35ec7b86c7633;65368d4331acd55571c0c3e1
San Jacinto Del Cauca;6511ea6285f35ec7b86c7633;65368d4331acd55571c0c3e1
Tiquisio;6511ea6285f35ec7b86c7633;65368d4331acd55571c0c3e1
Carmen De Bolívar;6511ea6285f35ec7b86c7633;65368d4331acd55571c0c3e1
Córdoba;6511ea6285f35ec7b86c7633;65368d4331acd55571c0c3e1
El Guamo;6511ea6285f35ec7b86c7633;65368d4331acd55571c0c3e1
María La Baja;6511ea6285f35ec7b86c7633;65368d4331acd55571c0c3e1
San Jacinto;6511ea6285f35ec7b86c7633;65368d4331acd55571c0c3e1
San Juan Nepomuceno;6511ea6285f35ec7b86c7633;65368d4331acd55571c0c3e1
Zambrano;6511ea6285f35ec7b86c7633;65368d4331acd55571c0c3e1
Chíquiza;6511ea6285f35ec7b86c7633;65368d4331acd55571c0c3e2
Chivatá;6511ea6285f35ec7b86c7633;65368d4331acd55571c0c3e2
Cómbita;6511ea6285f35ec7b86c7633;65368d4331acd55571c0c3e2
Cucaita;6511ea6285f35ec7b86c7633;65368d4331acd55571c0c3e2
Motavita;6511ea6285f35ec7b86c7633;65368d4331acd55571c0c3e2
Oicatá;6511ea6285f35ec7b86c7633;65368d4331acd55571c0c3e2
Samacá;6511ea6285f35ec7b86c7633;65368d4331acd55571c0c3e2
Siachoque;6511ea6285f35ec7b86c7633;65368d4331acd55571c0c3e2
Sora;6511ea6285f35ec7b86c7633;65368d4331acd55571c0c3e2
Soracá;6511ea6285f35ec7b86c7633;65368d4331acd55571c0c3e2
Sotaquirá;6511ea6285f35ec7b86c7633;65368d4331acd55571c0c3e2
Toca;6511ea6285f35ec7b86c7633;65368d4331acd55571c0c3e2
Tunja;6511ea6285f35ec7b86c7633;65368d4331acd55571c0c3e2
Tuta;6511ea6285f35ec7b86c7633;65368d4331acd55571c0c3e2
Ventaquemada;6511ea6285f35ec7b86c7633;65368d4331acd55571c0c3e2
Chiscas;6511ea6285f35ec7b86c7633;65368d4331acd55571c0c3e2
Cubará;6511ea6285f35ec7b86c7633;65368d4331acd55571c0c3e2
El Cocuy;6511ea6285f35ec7b86c7633;65368d4331acd55571c0c3e2
El Espino;6511ea6285f35ec7b86c7633;65368d4331acd55571c0c3e2
Guacamayas;6511ea6285f35ec7b86c7633;65368d4331acd55571c0c3e2
Güicán;6511ea6285f35ec7b86c7633;65368d4331acd55571c0c3e2
Panqueba;6511ea6285f35ec7b86c7633;65368d4331acd55571c0c3e2
Labranzagrande;6511ea6285f35ec7b86c7633;65368d4331acd55571c0c3e2
Pajarito;6511ea6285f35ec7b86c7633;65368d4331acd55571c0c3e2
Paya;6511ea6285f35ec7b86c7633;65368d4331acd55571c0c3e2
Pisba;6511ea6285f35ec7b86c7633;65368d4331acd55571c0c3e2
Berbeo;6511ea6285f35ec7b86c7633;65368d4331acd55571c0c3e2
Campohermoso;6511ea6285f35ec7b86c7633;65368d4331acd55571c0c3e2
Miraflores;6511ea6285f35ec7b86c7633;65368d4331acd55571c0c3e2
Páez;6511ea6285f35ec7b86c7633;65368d4331acd55571c0c3e2
San Eduardo;6511ea6285f35ec7b86c7633;65368d4331acd55571c0c3e2
Zetaquira;6511ea6285f35ec7b86c7633;65368d4331acd55571c0c3e2
Boyacá;6511ea6285f35ec7b86c7633;65368d4331acd55571c0c3e2
Ciénega;6511ea6285f35ec7b86c7633;65368d4331acd55571c0c3e2
Jenesano;6511ea6285f35ec7b86c7633;65368d4331acd55571c0c3e2
Nuevo Colón;6511ea6285f35ec7b86c7633;65368d4331acd55571c0c3e2
Ramiriquí;6511ea6285f35ec7b86c7633;65368d4331acd55571c0c3e2
Rondón;6511ea6285f35ec7b86c7633;65368d4331acd55571c0c3e2
Tibaná;6511ea6285f35ec7b86c7633;65368d4331acd55571c0c3e2
Turmequé;6511ea6285f35ec7b86c7633;65368d4331acd55571c0c3e2
Umbita;6511ea6285f35ec7b86c7633;65368d4331acd55571c0c3e2
Viracachá;6511ea6285f35ec7b86c7633;65368d4331acd55571c0c3e2
Chinavita;6511ea6285f35ec7b86c7633;65368d4331acd55571c0c3e2
Garagoa;6511ea6285f35ec7b86c7633;65368d4331acd55571c0c3e2
Macanal;6511ea6285f35ec7b86c7633;65368d4331acd55571c0c3e2
Pachavita;6511ea6285f35ec7b86c7633;65368d4331acd55571c0c3e2
San Luis De Gaceno;6511ea6285f35ec7b86c7633;65368d4331acd55571c0c3e2
Santa María;6511ea6285f35ec7b86c7633;65368d4331acd55571c0c3e2
Boavita;6511ea6285f35ec7b86c7633;65368d4331acd55571c0c3e2
Covarachía;6511ea6285f35ec7b86c7633;65368d4331acd55571c0c3e2
La Uvita;6511ea6285f35ec7b86c7633;65368d4331acd55571c0c3e2
San Mateo;6511ea6285f35ec7b86c7633;65368d4331acd55571c0c3e2
Sativanorte;6511ea6285f35ec7b86c7633;65368d4331acd55571c0c3e2
Sativasur;6511ea6285f35ec7b86c7633;65368d4331acd55571c0c3e2
Soatá;6511ea6285f35ec7b86c7633;65368d4331acd55571c0c3e2
Susacón;6511ea6285f35ec7b86c7633;65368d4331acd55571c0c3e2
Tipacoque;6511ea6285f35ec7b86c7633;65368d4331acd55571c0c3e2
Briceño;6511ea6285f35ec7b86c7633;65368d4331acd55571c0c3dd
Buenavista;6511ea6285f35ec7b86c7633;65368d4331acd55571c0c3e2
Caldas;6511ea6285f35ec7b86c7633;65368d4331acd55571c0c3dd
Chiquinquirá;6511ea6285f35ec7b86c7633;65368d4331acd55571c0c3e2
Coper;6511ea6285f35ec7b86c7633;65368d4331acd55571c0c3e2
La Victoria;6511ea6285f35ec7b86c7633;65368d4331acd55571c0c3dc
Maripí;6511ea6285f35ec7b86c7633;65368d4331acd55571c0c3e2
Muzo;6511ea6285f35ec7b86c7633;65368d4331acd55571c0c3e2
Otanche;6511ea6285f35ec7b86c7633;65368d4331acd55571c0c3e2
Pauna;6511ea6285f35ec7b86c7633;65368d4331acd55571c0c3e2
Puerto Boyaca;6511ea6285f35ec7b86c7633;65368d4331acd55571c0c3e2
Quípama;6511ea6285f35ec7b86c7633;65368d4331acd55571c0c3e2
Saboyá;6511ea6285f35ec7b86c7633;65368d4331acd55571c0c3e2
San Miguel De Sema;6511ea6285f35ec7b86c7633;65368d4331acd55571c0c3e2
San Pablo Borbur;6511ea6285f35ec7b86c7633;65368d4331acd55571c0c3e2
Tununguá;6511ea6285f35ec7b86c7633;65368d4331acd55571c0c3e2
Almeida;6511ea6285f35ec7b86c7633;65368d4331acd55571c0c3e2
Chivor;6511ea6285f35ec7b86c7633;65368d4331acd55571c0c3e2
Guateque;6511ea6285f35ec7b86c7633;65368d4331acd55571c0c3e2
Guayatá;6511ea6285f35ec7b86c7633;65368d4331acd55571c0c3e2
La Capilla;6511ea6285f35ec7b86c7633;65368d4331acd55571c0c3e2
Somondoco;6511ea6285f35ec7b86c7633;65368d4331acd55571c0c3e2
Sutatenza;6511ea6285f35ec7b86c7633;65368d4331acd55571c0c3e2
Tenza;6511ea6285f35ec7b86c7633;65368d4331acd55571c0c3e2
Arcabuco;6511ea6285f35ec7b86c7633;65368d4331acd55571c0c3e2
Chitaraque;6511ea6285f35ec7b86c7633;65368d4331acd55571c0c3e2
Gachantivá;6511ea6285f35ec7b86c7633;65368d4331acd55571c0c3e2
Moniquirá;6511ea6285f35ec7b86c7633;65368d4331acd55571c0c3e2
Ráquira;6511ea6285f35ec7b86c7633;65368d4331acd55571c0c3e2
Sáchica;6511ea6285f35ec7b86c7633;65368d4331acd55571c0c3e2
San José De Pare;6511ea6285f35ec7b86c7633;65368d4331acd55571c0c3e2
Santa Sofía;6511ea6285f35ec7b86c7633;65368d4331acd55571c0c3e2
Santana;6511ea6285f35ec7b86c7633;65368d4331acd55571c0c3e2
Sutamarchán;6511ea6285f35ec7b86c7633;65368d4331acd55571c0c3e2
Tinjacá;6511ea6285f35ec7b86c7633;65368d4331acd55571c0c3e2
Togüí;6511ea6285f35ec7b86c7633;65368d4331acd55571c0c3e2
Villa De Leyva;6511ea6285f35ec7b86c7633;65368d4331acd55571c0c3e2
Aquitania;6511ea6285f35ec7b86c7633;65368d4331acd55571c0c3e2
Cuítiva;6511ea6285f35ec7b86c7633;65368d4331acd55571c0c3e2
Firavitoba;6511ea6285f35ec7b86c7633;65368d4331acd55571c0c3e2
Gameza;6511ea6285f35ec7b86c7633;65368d4331acd55571c0c3e2
Iza;6511ea6285f35ec7b86c7633;65368d4331acd55571c0c3e2
Mongua;6511ea6285f35ec7b86c7633;65368d4331acd55571c0c3e2
Monguí;6511ea6285f35ec7b86c7633;65368d4331acd55571c0c3e2
Nobsa;6511ea6285f35ec7b86c7633;65368d4331acd55571c0c3e2
Pesca;6511ea6285f35ec7b86c7633;65368d4331acd55571c0c3e2
Sogamoso;6511ea6285f35ec7b86c7633;65368d4331acd55571c0c3e2
Tibasosa;6511ea6285f35ec7b86c7633;65368d4331acd55571c0c3e2
Tópaga;6511ea6285f35ec7b86c7633;65368d4331acd55571c0c3e2
Tota;6511ea6285f35ec7b86c7633;65368d4331acd55571c0c3e2
Belén;6511ea6285f35ec7b86c7633;65368d4331acd55571c0c3e2
Busbanzá;6511ea6285f35ec7b86c7633;65368d4331acd55571c0c3e2
Cerinza;6511ea6285f35ec7b86c7633;65368d4331acd55571c0c3e2
Corrales;6511ea6285f35ec7b86c7633;65368d4331acd55571c0c3e2
Duitama;6511ea6285f35ec7b86c7633;65368d4331acd55571c0c3e2
Floresta;6511ea6285f35ec7b86c7633;65368d4331acd55571c0c3e2
Paipa;6511ea6285f35ec7b86c7633;65368d4331acd55571c0c3e2
San Rosa Viterbo;6511ea6285f35ec7b86c7633;65368d4331acd55571c0c3e2
Tutazá;6511ea6285f35ec7b86c7633;65368d4331acd55571c0c3e2
Betéitiva;6511ea6285f35ec7b86c7633;65368d4331acd55571c0c3e2
Chita;6511ea6285f35ec7b86c7633;65368d4331acd55571c0c3e2
Jericó;6511ea6285f35ec7b86c7633;65368d4331acd55571c0c3dd
Paz De Río;6511ea6285f35ec7b86c7633;65368d4331acd55571c0c3e2
Socha;6511ea6285f35ec7b86c7633;65368d4331acd55571c0c3e2
Socotá;6511ea6285f35ec7b86c7633;65368d4331acd55571c0c3e2
Tasco;6511ea6285f35ec7b86c7633;65368d4331acd55571c0c3e2
Filadelfia;6511ea6285f35ec7b86c7633;65368d4331acd55571c0c3e4
La Merced;6511ea6285f35ec7b86c7633;65368d4331acd55571c0c3e4
Marmato;6511ea6285f35ec7b86c7633;65368d4331acd55571c0c3e4
Riosucio;6511ea6285f35ec7b86c7633;65368d4331acd55571c0c3e4
Supía;6511ea6285f35ec7b86c7633;65368d4331acd55571c0c3e4
Manzanares;6511ea6285f35ec7b86c7633;65368d4331acd55571c0c3e4
Marquetalia;6511ea6285f35ec7b86c7633;65368d4331acd55571c0c3e4
Marulanda;6511ea6285f35ec7b86c7633;65368d4331acd55571c0c3e4
Pensilvania;6511ea6285f35ec7b86c7633;65368d4331acd55571c0c3e4
Anserma;6511ea6285f35ec7b86c7633;65368d4331acd55571c0c3e4
Belalcázar;6511ea6285f35ec7b86c7633;65368d4331acd55571c0c3e4
Risaralda;6511ea6285f35ec7b86c7633;65368d4331acd55571c0c3e4
San José;6511ea6285f35ec7b86c7633;65368d4331acd55571c0c3e4
Viterbo;6511ea6285f35ec7b86c7633;65368d4331acd55571c0c3e4
Chinchina;6511ea6285f35ec7b86c7633;65368d4331acd55571c0c3e4
Manizales;6511ea6285f35ec7b86c7633;65368d4331acd55571c0c3e4
Neira;6511ea6285f35ec7b86c7633;65368d4331acd55571c0c3e4
Palestina;6511ea6285f35ec7b86c7633;65368d4331acd55571c0c3e4
Villamaria;6511ea6285f35ec7b86c7633;65368d4331acd55571c0c3e4
Aguadas;6511ea6285f35ec7b86c7633;65368d4331acd55571c0c3e4
Aranzazu;6511ea6285f35ec7b86c7633;65368d4331acd55571c0c3e4
Pácora;6511ea6285f35ec7b86c7633;65368d4331acd55571c0c3e4
Salamina;6511ea6285f35ec7b86c7633;65368d4331acd55571c0c3e4
La Dorada;6511ea6285f35ec7b86c7633;65368d4331acd55571c0c3e4
Norcasia;6511ea6285f35ec7b86c7633;65368d4331acd55571c0c3e4
Samaná;6511ea6285f35ec7b86c7633;65368d4331acd55571c0c3e4
Victoria;6511ea6285f35ec7b86c7633;65368d4331acd55571c0c3e4
Albania;6511ea6285f35ec7b86c7633;65368d4331acd55571c0c3e5
Belén De Los Andaquies;6511ea6285f35ec7b86c7633;65368d4331acd55571c0c3e5
Cartagena Del Chairá;6511ea6285f35ec7b86c7633;65368d4331acd55571c0c3e5
Currillo;6511ea6285f35ec7b86c7633;65368d4331acd55571c0c3e5
El Doncello;6511ea6285f35ec7b86c7633;65368d4331acd55571c0c3e5
El Paujil;6511ea6285f35ec7b86c7633;65368d4331acd55571c0c3e5
Florencia;6511ea6285f35ec7b86c7633;65368d4331acd55571c0c3e5
La Montañita;6511ea6285f35ec7b86c7633;65368d4331acd55571c0c3e5
Milan;6511ea6285f35ec7b86c7633;65368d4331acd55571c0c3e5
Morelia;6511ea6285f35ec7b86c7633;65368d4331acd55571c0c3e5
Puerto Rico;6511ea6285f35ec7b86c7633;65368d4331acd55571c0c3e5
San Jose Del Fragua;6511ea6285f35ec7b86c7633;65368d4331acd55571c0c3e5
San Vicente Del Caguán;6511ea6285f35ec7b86c7633;65368d4331acd55571c0c3e5
Solano;6511ea6285f35ec7b86c7633;65368d4331acd55571c0c3e5
Solita;6511ea6285f35ec7b86c7633;65368d4331acd55571c0c3e5
Valparaiso;6511ea6285f35ec7b86c7633;65368d4331acd55571c0c3dd
Aguazul;6511ea6285f35ec7b86c7633;65368d4331acd55571c0c3ec
Chameza;6511ea6285f35ec7b86c7633;65368d4331acd55571c0c3ec
Hato Corozal;6511ea6285f35ec7b86c7633;65368d4331acd55571c0c3ec
La Salina;6511ea6285f35ec7b86c7633;65368d4331acd55571c0c3ec
Maní;6511ea6285f35ec7b86c7633;65368d4331acd55571c0c3ec
Monterrey;6511ea6285f35ec7b86c7633;65368d4331acd55571c0c3ec
Nunchía;6511ea6285f35ec7b86c7633;65368d4331acd55571c0c3ec
Orocué;6511ea6285f35ec7b86c7633;65368d4331acd55571c0c3ec
Paz De Ariporo;6511ea6285f35ec7b86c7633;65368d4331acd55571c0c3ec
Pore;6511ea6285f35ec7b86c7633;65368d4331acd55571c0c3ec
Recetor;6511ea6285f35ec7b86c7633;65368d4331acd55571c0c3ec
Sabanalarga;6511ea6285f35ec7b86c7633;65368d4331acd55571c0c3dd
Sácama;6511ea6285f35ec7b86c7633;65368d4331acd55571c0c3ec
San Luis De Palenque;6511ea6285f35ec7b86c7633;65368d4331acd55571c0c3ec
Támara;6511ea6285f35ec7b86c7633;65368d4331acd55571c0c3ec
Tauramena;6511ea6285f35ec7b86c7633;65368d4331acd55571c0c3ec
Trinidad;6511ea6285f35ec7b86c7633;65368d4331acd55571c0c3ec
Villanueva;6511ea6285f35ec7b86c7633;65368d4331acd55571c0c3e1
Yopal;6511ea6285f35ec7b86c7633;65368d4331acd55571c0c3ec
Cajibío;6511ea6285f35ec7b86c7633;65368d4331acd55571c0c3e6
El Tambo;6511ea6285f35ec7b86c7633;65368d4331acd55571c0c3e6
La Sierra;6511ea6285f35ec7b86c7633;65368d4331acd55571c0c3e6
Morales;6511ea6285f35ec7b86c7633;65368d4331acd55571c0c3e1
Piendamo;6511ea6285f35ec7b86c7633;65368d4331acd55571c0c3e6
Popayán;6511ea6285f35ec7b86c7633;65368d4331acd55571c0c3e6
Rosas;6511ea6285f35ec7b86c7633;65368d4331acd55571c0c3e6
Sotara;6511ea6285f35ec7b86c7633;65368d4331acd55571c0c3e6
Timbio;6511ea6285f35ec7b86c7633;65368d4331acd55571c0c3e6
Buenos Aires;6511ea6285f35ec7b86c7633;65368d4331acd55571c0c3e6
Caloto;6511ea6285f35ec7b86c7633;65368d4331acd55571c0c3e6
Corinto;6511ea6285f35ec7b86c7633;65368d4331acd55571c0c3e6
Miranda;6511ea6285f35ec7b86c7633;65368d4331acd55571c0c3e6
Padilla;6511ea6285f35ec7b86c7633;65368d4331acd55571c0c3e6
Puerto Tejada;6511ea6285f35ec7b86c7633;65368d4331acd55571c0c3e6
Santander De Quilichao;6511ea6285f35ec7b86c7633;65368d4331acd55571c0c3e6
Suarez;6511ea6285f35ec7b86c7633;65368d4331acd55571c0c3e6
Villa Rica;6511ea6285f35ec7b86c7633;65368d4331acd55571c0c3e6
Guapi;6511ea6285f35ec7b86c7633;65368d4331acd55571c0c3e6
Lopez;6511ea6285f35ec7b86c7633;65368d4331acd55571c0c3e6
Timbiqui;6511ea6285f35ec7b86c7633;65368d4331acd55571c0c3e6
Caldono;6511ea6285f35ec7b86c7633;65368d4331acd55571c0c3e6
Inzá;6511ea6285f35ec7b86c7633;65368d4331acd55571c0c3e6
Jambalo;6511ea6285f35ec7b86c7633;65368d4331acd55571c0c3e6
Paez;6511ea6285f35ec7b86c7633;65368d4331acd55571c0c3e6
Purace;6511ea6285f35ec7b86c7633;65368d4331acd55571c0c3e6
Silvia;6511ea6285f35ec7b86c7633;65368d4331acd55571c0c3e6
Toribio;6511ea6285f35ec7b86c7633;65368d4331acd55571c0c3e6
Totoro;6511ea6285f35ec7b86c7633;65368d4331acd55571c0c3e6
Almaguer;6511ea6285f35ec7b86c7633;65368d4331acd55571c0c3e6
Argelia;6511ea6285f35ec7b86c7633;65368d4331acd55571c0c3dd
Balboa;6511ea6285f35ec7b86c7633;65368d4331acd55571c0c3e6
Bolívar;6511ea6285f35ec7b86c7633;65368d4331acd55571c0c3e6
Florencia;6511ea6285f35ec7b86c7633;65368d4331acd55571c0c3e5
La Vega;6511ea6285f35ec7b86c7633;65368d4331acd55571c0c3e6
Mercaderes;6511ea6285f35ec7b86c7633;65368d4331acd55571c0c3e6
Patia;6511ea6285f35ec7b86c7633;65368d4331acd55571c0c3e6
Piamonte;6511ea6285f35ec7b86c7633;65368d4331acd55571c0c3e6
San Sebastian;6511ea6285f35ec7b86c7633;65368d4331acd55571c0c3e6
Santa Rosa;6511ea6285f35ec7b86c7633;65368d4331acd55571c0c3e6
Sucre;6511ea6285f35ec7b86c7633;65368d4331acd55571c0c3e6
Becerril;6511ea6285f35ec7b86c7633;65368d4331acd55571c0c3e7
Chimichagua;6511ea6285f35ec7b86c7633;65368d4331acd55571c0c3e7
Chiriguana;6511ea6285f35ec7b86c7633;65368d4331acd55571c0c3e7
Curumaní;6511ea6285f35ec7b86c7633;65368d4331acd55571c0c3e7
La Jagua De Ibirico;6511ea6285f35ec7b86c7633;65368d4331acd55571c0c3e7
Pailitas;6511ea6285f35ec7b86c7633;65368d4331acd55571c0c3e7
Tamalameque;6511ea6285f35ec7b86c7633;65368d4331acd55571c0c3e7
Astrea;6511ea6285f35ec7b86c7633;65368d4331acd55571c0c3e7
Bosconia;6511ea6285f35ec7b86c7633;65368d4331acd55571c0c3e7
El Copey;6511ea6285f35ec7b86c7633;65368d4331acd55571c0c3e7
El Paso;6511ea6285f35ec7b86c7633;65368d4331acd55571c0c3e7
Agustín Codazzi;6511ea6285f35ec7b86c7633;65368d4331acd55571c0c3e7
La Paz;6511ea6285f35ec7b86c7633;65368d4331acd55571c0c3e7
Manaure;6511ea6285f35ec7b86c7633;65368d4331acd55571c0c3e7
Pueblo Bello;6511ea6285f35ec7b86c7633;65368d4331acd55571c0c3e7
San Diego;6511ea6285f35ec7b86c7633;65368d4331acd55571c0c3e7
Valledupar;6511ea6285f35ec7b86c7633;65368d4331acd55571c0c3e7
Aguachica;6511ea6285f35ec7b86c7633;65368d4331acd55571c0c3e7
Gamarra;6511ea6285f35ec7b86c7633;65368d4331acd55571c0c3e7
González;6511ea6285f35ec7b86c7633;65368d4331acd55571c0c3e7
La Gloria;6511ea6285f35ec7b86c7633;65368d4331acd55571c0c3e7
Pelaya;6511ea6285f35ec7b86c7633;65368d4331acd55571c0c3e7
Río De Oro;6511ea6285f35ec7b86c7633;65368d4331acd55571c0c3e7
San Alberto;6511ea6285f35ec7b86c7633;65368d4331acd55571c0c3e7
San Martín;6511ea6285f35ec7b86c7633;65368d4331acd55571c0c3e7
Atrato;6511ea6285f35ec7b86c7633;65368d4331acd55571c0c3e8
Bagadó;6511ea6285f35ec7b86c7633;65368d4331acd55571c0c3e8
Bojaya;6511ea6285f35ec7b86c7633;65368d4331acd55571c0c3e8
El Carmen De Atrato;6511ea6285f35ec7b86c7633;65368d4331acd55571c0c3e8
Lloró;6511ea6285f35ec7b86c7633;65368d4331acd55571c0c3e8
Medio Atrato;6511ea6285f35ec7b86c7633;65368d4331acd55571c0c3e8
Quibdó;6511ea6285f35ec7b86c7633;65368d4331acd55571c0c3e8
Rio Quito;6511ea6285f35ec7b86c7633;65368d4331acd55571c0c3e8
Acandí;6511ea6285f35ec7b86c7633;65368d4331acd55571c0c3e8
Belén De Bajira;6511ea6285f35ec7b86c7633;65368d4331acd55571c0c3e8
Carmén Del Darién;6511ea6285f35ec7b86c7633;65368d4331acd55571c0c3e8
Riosucio;6511ea6285f35ec7b86c7633;65368d4331acd55571c0c3e4
Unguía;6511ea6285f35ec7b86c7633;65368d4331acd55571c0c3e8
Bahía Solano;6511ea6285f35ec7b86c7633;65368d4331acd55571c0c3e8
Juradó;6511ea6285f35ec7b86c7633;65368d4331acd55571c0c3e8
Nuquí;6511ea6285f35ec7b86c7633;65368d4331acd55571c0c3e8
Alto Baudó;6511ea6285f35ec7b86c7633;65368d4331acd55571c0c3e8
Bajo Baudó;6511ea6285f35ec7b86c7633;65368d4331acd55571c0c3e8
El Litoral Del San Juan;6511ea6285f35ec7b86c7633;65368d4331acd55571c0c3e8
Medio Baudó;6511ea6285f35ec7b86c7633;65368d4331acd55571c0c3e8
Canton De San Pablo;6511ea6285f35ec7b86c7633;65368d4331acd55571c0c3e8
Certegui;6511ea6285f35ec7b86c7633;65368d4331acd55571c0c3e8
Condoto;6511ea6285f35ec7b86c7633;65368d4331acd55571c0c3e8
Itsmina;6511ea6285f35ec7b86c7633;65368d4331acd55571c0c3e8
Medio San Juan;6511ea6285f35ec7b86c7633;65368d4331acd55571c0c3e8
Nóvita;6511ea6285f35ec7b86c7633;65368d4331acd55571c0c3e8
Río Frío;6511ea6285f35ec7b86c7633;65368d4331acd55571c0c3e8
San José Del Palmar;6511ea6285f35ec7b86c7633;65368d4331acd55571c0c3e8
Sipí;6511ea6285f35ec7b86c7633;65368d4331acd55571c0c3e8
Tadó;6511ea6285f35ec7b86c7633;65368d4331acd55571c0c3e8
Union Panamericana;6511ea6285f35ec7b86c7633;65368d4331acd55571c0c3e8
Tierralta;6511ea6285f35ec7b86c7633;65368d4331acd55571c0c3e9
Valencia;6511ea6285f35ec7b86c7633;65368d4331acd55571c0c3e9
Chimá;6511ea6285f35ec7b86c7633;65368d4331acd55571c0c3e9
Cotorra;6511ea6285f35ec7b86c7633;65368d4331acd55571c0c3e9
Lorica;6511ea6285f35ec7b86c7633;65368d4331acd55571c0c3e9
Momil;6511ea6285f35ec7b86c7633;65368d4331acd55571c0c3e9
Purísima;6511ea6285f35ec7b86c7633;65368d4331acd55571c0c3e9
Montería;6511ea6285f35ec7b86c7633;65368d4331acd55571c0c3e9
Canalete;6511ea6285f35ec7b86c7633;65368d4331acd55571c0c3e9
Los Córdobas;6511ea6285f35ec7b86c7633;65368d4331acd55571c0c3e9
Moñitos;6511ea6285f35ec7b86c7633;65368d4331acd55571c0c3e9
Puerto Escondido;6511ea6285f35ec7b86c7633;65368d4331acd55571c0c3e9
San Antero;6511ea6285f35ec7b86c7633;65368d4331acd55571c0c3e9
San Bernardo Del Viento;6511ea6285f35ec7b86c7633;65368d4331acd55571c0c3e9
Chinú;6511ea6285f35ec7b86c7633;65368d4331acd55571c0c3e9
Sahagún;6511ea6285f35ec7b86c7633;65368d4331acd55571c0c3e9
San Andrés Sotavento;6511ea6285f35ec7b86c7633;65368d4331acd55571c0c3e9
Ayapel;6511ea6285f35ec7b86c7633;65368d4331acd55571c0c3e9
Buenavista;6511ea6285f35ec7b86c7633;65368d4331acd55571c0c3e2
La Apartada;6511ea6285f35ec7b86c7633;65368d4331acd55571c0c3e9
Montelíbano;6511ea6285f35ec7b86c7633;65368d4331acd55571c0c3e9
Planeta Rica;6511ea6285f35ec7b86c7633;65368d4331acd55571c0c3e9
Pueblo Nuevo;6511ea6285f35ec7b86c7633;65368d4331acd55571c0c3e9
Puerto Libertador;6511ea6285f35ec7b86c7633;65368d4331acd55571c0c3e9
Cereté;6511ea6285f35ec7b86c7633;65368d4331acd55571c0c3e9
Ciénaga De Oro;6511ea6285f35ec7b86c7633;65368d4331acd55571c0c3e9
San Carlos;6511ea6285f35ec7b86c7633;65368d4331acd55571c0c3dd
San Pelayo;6511ea6285f35ec7b86c7633;65368d4331acd55571c0c3e9
Chocontá;6511ea6285f35ec7b86c7633;65368d4331acd55571c0c3ea
Macheta;6511ea6285f35ec7b86c7633;65368d4331acd55571c0c3ea
Manta;6511ea6285f35ec7b86c7633;65368d4331acd55571c0c3ea
Sesquilé;6511ea6285f35ec7b86c7633;65368d4331acd55571c0c3ea
Suesca;6511ea6285f35ec7b86c7633;65368d4331acd55571c0c3ea
Tibirita;6511ea6285f35ec7b86c7633;65368d4331acd55571c0c3ea
Villapinzón;6511ea6285f35ec7b86c7633;65368d4331acd55571c0c3ea
Agua De Dios;6511ea6285f35ec7b86c7633;65368d4331acd55571c0c3ea
Girardot;6511ea6285f35ec7b86c7633;65368d4331acd55571c0c3ea
Guataquí;6511ea6285f35ec7b86c7633;65368d4331acd55571c0c3ea
Jerusalén;6511ea6285f35ec7b86c7633;65368d4331acd55571c0c3ea
Nariño;6511ea6285f35ec7b86c7633;65368d4331acd55571c0c3dd
Nilo;6511ea6285f35ec7b86c7633;65368d4331acd55571c0c3ea
Ricaurte;6511ea6285f35ec7b86c7633;65368d4331acd55571c0c3ea
Tocaima;6511ea6285f35ec7b86c7633;65368d4331acd55571c0c3ea
Caparrapí;6511ea6285f35ec7b86c7633;65368d4331acd55571c0c3ea
Guaduas;6511ea6285f35ec7b86c7633;65368d4331acd55571c0c3ea
Puerto Salgar;6511ea6285f35ec7b86c7633;65368d4331acd55571c0c3ea
Albán;6511ea6285f35ec7b86c7633;65368d4331acd55571c0c3ea
La Peña;6511ea6285f35ec7b86c7633;65368d4331acd55571c0c3ea
La Vega;6511ea6285f35ec7b86c7633;65368d4331acd55571c0c3e6
Nimaima;6511ea6285f35ec7b86c7633;65368d4331acd55571c0c3ea
Nocaima;6511ea6285f35ec7b86c7633;65368d4331acd55571c0c3ea
Quebradanegra;6511ea6285f35ec7b86c7633;65368d4331acd55571c0c3ea
San Francisco;6511ea6285f35ec7b86c7633;65368d4331acd55571c0c3dd
Sasaima;6511ea6285f35ec7b86c7633;65368d4331acd55571c0c3ea
Supatá;6511ea6285f35ec7b86c7633;65368d4331acd55571c0c3ea
Útica;6511ea6285f35ec7b86c7633;65368d4331acd55571c0c3ea
Vergara;6511ea6285f35ec7b86c7633;65368d4331acd55571c0c3ea
Villeta;6511ea6285f35ec7b86c7633;65368d4331acd55571c0c3ea
Gachala;6511ea6285f35ec7b86c7633;65368d4331acd55571c0c3ea
Gacheta;6511ea6285f35ec7b86c7633;65368d4331acd55571c0c3ea
Gama;6511ea6285f35ec7b86c7633;65368d4331acd55571c0c3ea
Guasca;6511ea6285f35ec7b86c7633;65368d4331acd55571c0c3ea
Guatavita;6511ea6285f35ec7b86c7633;65368d4331acd55571c0c3ea
Junín;6511ea6285f35ec7b86c7633;65368d4331acd55571c0c3ea
La Calera;6511ea6285f35ec7b86c7633;65368d4331acd55571c0c3ea
Ubalá;6511ea6285f35ec7b86c7633;65368d4331acd55571c0c3ea
Beltrán;6511ea6285f35ec7b86c7633;65368d4331acd55571c0c3ea
Bituima;6511ea6285f35ec7b86c7633;65368d4331acd55571c0c3ea
Chaguaní;6511ea6285f35ec7b86c7633;65368d4331acd55571c0c3ea
Guayabal De Siquima;6511ea6285f35ec7b86c7633;65368d4331acd55571c0c3ea
Puli;6511ea6285f35ec7b86c7633;65368d4331acd55571c0c3ea
San Juan De Río Seco;6511ea6285f35ec7b86c7633;65368d4331acd55571c0c3ea
Vianí;6511ea6285f35ec7b86c7633;65368d4331acd55571c0c3ea
Medina;6511ea6285f35ec7b86c7633;65368d4331acd55571c0c3ea
Paratebueno;6511ea6285f35ec7b86c7633;65368d4331acd55571c0c3ea
Caqueza;6511ea6285f35ec7b86c7633;65368d4331acd55571c0c3ea
Chipaque;6511ea6285f35ec7b86c7633;65368d4331acd55571c0c3ea
Choachí;6511ea6285f35ec7b86c7633;65368d4331acd55571c0c3ea
Fomeque;6511ea6285f35ec7b86c7633;65368d4331acd55571c0c3ea
Fosca;6511ea6285f35ec7b86c7633;65368d4331acd55571c0c3ea
Guayabetal;6511ea6285f35ec7b86c7633;65368d4331acd55571c0c3ea
Gutiérrez;6511ea6285f35ec7b86c7633;65368d4331acd55571c0c3ea
Quetame;6511ea6285f35ec7b86c7633;65368d4331acd55571c0c3ea
Ubaque;6511ea6285f35ec7b86c7633;65368d4331acd55571c0c3ea
Une;6511ea6285f35ec7b86c7633;65368d4331acd55571c0c3ea
El Peñón;6511ea6285f35ec7b86c7633;65368d4331acd55571c0c3ea
La Palma;6511ea6285f35ec7b86c7633;65368d4331acd55571c0c3ea
Pacho;6511ea6285f35ec7b86c7633;65368d4331acd55571c0c3ea
Paime;6511ea6285f35ec7b86c7633;65368d4331acd55571c0c3ea
San Cayetano;6511ea6285f35ec7b86c7633;65368d4331acd55571c0c3ea
Topaipi;6511ea6285f35ec7b86c7633;65368d4331acd55571c0c3ea
Villagomez;6511ea6285f35ec7b86c7633;65368d4331acd55571c0c3ea
Yacopí;6511ea6285f35ec7b86c7633;65368d4331acd55571c0c3ea
Cajicá;6511ea6285f35ec7b86c7633;65368d4331acd55571c0c3ea
Chía;6511ea6285f35ec7b86c7633;65368d4331acd55571c0c3ea
Cogua;6511ea6285f35ec7b86c7633;65368d4331acd55571c0c3ea
Gachancipá;6511ea6285f35ec7b86c7633;65368d4331acd55571c0c3ea
Nemocon;6511ea6285f35ec7b86c7633;65368d4331acd55571c0c3ea
Sopó;6511ea6285f35ec7b86c7633;65368d4331acd55571c0c3ea
Tabio;6511ea6285f35ec7b86c7633;65368d4331acd55571c0c3ea
Tocancipá;6511ea6285f35ec7b86c7633;65368d4331acd55571c0c3ea
Zipaquirá;6511ea6285f35ec7b86c7633;65368d4331acd55571c0c3ea
Bojacá;6511ea6285f35ec7b86c7633;65368d4331acd55571c0c3ea
Cota;6511ea6285f35ec7b86c7633;65368d4331acd55571c0c3ea
El Rosal;6511ea6285f35ec7b86c7633;65368d4331acd55571c0c3ea
Facatativá;6511ea6285f35ec7b86c7633;65368d4331acd55571c0c3ea
Funza;6511ea6285f35ec7b86c7633;65368d4331acd55571c0c3ea
Madrid;6511ea6285f35ec7b86c7633;65368d4331acd55571c0c3ea
Mosquera;6511ea6285f35ec7b86c7633;65368d4331acd55571c0c3ea
Subachoque;6511ea6285f35ec7b86c7633;65368d4331acd55571c0c3ea
Tenjo;6511ea6285f35ec7b86c7633;65368d4331acd55571c0c3ea
Zipacon;6511ea6285f35ec7b86c7633;65368d4331acd55571c0c3ea
Sibaté;6511ea6285f35ec7b86c7633;65368d4331acd55571c0c3ea
Soacha;6511ea6285f35ec7b86c7633;65368d4331acd55571c0c3ea
Arbeláez;6511ea6285f35ec7b86c7633;65368d4331acd55571c0c3ea
Cabrera;6511ea6285f35ec7b86c7633;65368d4331acd55571c0c3ea
Fusagasugá;6511ea6285f35ec7b86c7633;65368d4331acd55571c0c3ea
Granada;6511ea6285f35ec7b86c7633;65368d4331acd55571c0c3dd
Pandi;6511ea6285f35ec7b86c7633;65368d4331acd55571c0c3ea
Pasca;6511ea6285f35ec7b86c7633;65368d4331acd55571c0c3ea
San Bernardo;6511ea6285f35ec7b86c7633;65368d4331acd55571c0c3ea
Silvania;6511ea6285f35ec7b86c7633;65368d4331acd55571c0c3ea
Tibacuy;6511ea6285f35ec7b86c7633;65368d4331acd55571c0c3ea
Venecia;6511ea6285f35ec7b86c7633;65368d4331acd55571c0c3dd
Anapoima;6511ea6285f35ec7b86c7633;65368d4331acd55571c0c3ea
Anolaima;6511ea6285f35ec7b86c7633;65368d4331acd55571c0c3ea
Apulo;6511ea6285f35ec7b86c7633;65368d4331acd55571c0c3ea
Cachipay;6511ea6285f35ec7b86c7633;65368d4331acd55571c0c3ea
El Colegio;6511ea6285f35ec7b86c7633;65368d4331acd55571c0c3ea
La Mesa;6511ea6285f35ec7b86c7633;65368d4331acd55571c0c3ea
Quipile;6511ea6285f35ec7b86c7633;65368d4331acd55571c0c3ea
San Antonio De Tequendama;6511ea6285f35ec7b86c7633;65368d4331acd55571c0c3ea
Tena;6511ea6285f35ec7b86c7633;65368d4331acd55571c0c3ea
Viotá;6511ea6285f35ec7b86c7633;65368d4331acd55571c0c3ea
Carmen De Carupa;6511ea6285f35ec7b86c7633;65368d4331acd55571c0c3ea
Cucunubá;6511ea6285f35ec7b86c7633;65368d4331acd55571c0c3ea
Fúquene;6511ea6285f35ec7b86c7633;65368d4331acd55571c0c3ea
Guachetá;6511ea6285f35ec7b86c7633;65368d4331acd55571c0c3ea
Lenguazaque;6511ea6285f35ec7b86c7633;65368d4331acd55571c0c3ea
Simijaca;6511ea6285f35ec7b86c7633;65368d4331acd55571c0c3ea
Susa;6511ea6285f35ec7b86c7633;65368d4331acd55571c0c3ea
Sutatausa;6511ea6285f35ec7b86c7633;65368d4331acd55571c0c3ea
Tausa;6511ea6285f35ec7b86c7633;65368d4331acd55571c0c3ea
Ubate;6511ea6285f35ec7b86c7633;65368d4331acd55571c0c3ea
Barranco Mina;6511ea6285f35ec7b86c7633;65368d4331acd55571c0c3eb
Cacahual;6511ea6285f35ec7b86c7633;65368d4331acd55571c0c3eb
Inírida;6511ea6285f35ec7b86c7633;65368d4331acd55571c0c3eb
La Guadalupe;6511ea6285f35ec7b86c7633;65368d4331acd55571c0c3eb
Mapiripan;6511ea6285f35ec7b86c7633;65368d4331acd55571c0c3eb
Morichal;6511ea6285f35ec7b86c7633;65368d4331acd55571c0c3eb
Pana Pana;6511ea6285f35ec7b86c7633;65368d4331acd55571c0c3eb
Puerto Colombia;6511ea6285f35ec7b86c7633;65368d4331acd55571c0c3e0
San Felipe;6511ea6285f35ec7b86c7633;65368d4331acd55571c0c3eb
Calamar;6511ea6285f35ec7b86c7633;65368d4331acd55571c0c3e1
El Retorno;6511ea6285f35ec7b86c7633;65368d4331acd55571c0c3ed
Miraflores;6511ea6285f35ec7b86c7633;65368d4331acd55571c0c3e2
San José Del Guaviare;6511ea6285f35ec7b86c7633;65368d4331acd55571c0c3ed
Agrado;6511ea6285f35ec7b86c7633;65368d4331acd55571c0c3ee
Altamira;6511ea6285f35ec7b86c7633;65368d4331acd55571c0c3ee
Garzón;6511ea6285f35ec7b86c7633;65368d4331acd55571c0c3ee
Gigante;6511ea6285f35ec7b86c7633;65368d4331acd55571c0c3ee
Guadalupe;6511ea6285f35ec7b86c7633;65368d4331acd55571c0c3dd
Pital;6511ea6285f35ec7b86c7633;65368d4331acd55571c0c3ee
Suaza;6511ea6285f35ec7b86c7633;65368d4331acd55571c0c3ee
Tarqui;6511ea6285f35ec7b86c7633;65368d4331acd55571c0c3ee
Aipe;6511ea6285f35ec7b86c7633;65368d4331acd55571c0c3ee
Algeciras;6511ea6285f35ec7b86c7633;65368d4331acd55571c0c3ee
Baraya;6511ea6285f35ec7b86c7633;65368d4331acd55571c0c3ee
Campoalegre;6511ea6285f35ec7b86c7633;65368d4331acd55571c0c3ee
Colombia;6511ea6285f35ec7b86c7633;65368d4331acd55571c0c3ee
Hobo;6511ea6285f35ec7b86c7633;65368d4331acd55571c0c3ee
Iquira;6511ea6285f35ec7b86c7633;65368d4331acd55571c0c3ee
Neiva;6511ea6285f35ec7b86c7633;65368d4331acd55571c0c3ee
Palermo;6511ea6285f35ec7b86c7633;65368d4331acd55571c0c3ee
Rivera;6511ea6285f35ec7b86c7633;65368d4331acd55571c0c3ee
Santa María;6511ea6285f35ec7b86c7633;65368d4331acd55571c0c3e2
Tello;6511ea6285f35ec7b86c7633;65368d4331acd55571c0c3ee
Teruel;6511ea6285f35ec7b86c7633;65368d4331acd55571c0c3ee
Villavieja;6511ea6285f35ec7b86c7633;65368d4331acd55571c0c3ee
Yaguará;6511ea6285f35ec7b86c7633;65368d4331acd55571c0c3ee
La Argentina;6511ea6285f35ec7b86c7633;65368d4331acd55571c0c3ee
La Plata;6511ea6285f35ec7b86c7633;65368d4331acd55571c0c3ee
Nátaga;6511ea6285f35ec7b86c7633;65368d4331acd55571c0c3ee
Paicol;6511ea6285f35ec7b86c7633;65368d4331acd55571c0c3ee
Tesalia;6511ea6285f35ec7b86c7633;65368d4331acd55571c0c3ee
Acevedo;6511ea6285f35ec7b86c7633;65368d4331acd55571c0c3ee
Elías;6511ea6285f35ec7b86c7633;65368d4331acd55571c0c3ee
Isnos;6511ea6285f35ec7b86c7633;65368d4331acd55571c0c3ee
Oporapa;6511ea6285f35ec7b86c7633;65368d4331acd55571c0c3ee
Palestina;6511ea6285f35ec7b86c7633;65368d4331acd55571c0c3e4
Pitalito;6511ea6285f35ec7b86c7633;65368d4331acd55571c0c3ee
Saladoblanco;6511ea6285f35ec7b86c7633;65368d4331acd55571c0c3ee
San Agustín;6511ea6285f35ec7b86c7633;65368d4331acd55571c0c3ee
Timaná;6511ea6285f35ec7b86c7633;65368d4331acd55571c0c3ee
Albania;6511ea6285f35ec7b86c7633;65368d4331acd55571c0c3e5
Dibulla;6511ea6285f35ec7b86c7633;65368d4331acd55571c0c3f0
Maicao;6511ea6285f35ec7b86c7633;65368d4331acd55571c0c3f0
Manaure;6511ea6285f35ec7b86c7633;65368d4331acd55571c0c3e7
Riohacha;6511ea6285f35ec7b86c7633;65368d4331acd55571c0c3f0
Uribia;6511ea6285f35ec7b86c7633;65368d4331acd55571c0c3f0
Barrancas;6511ea6285f35ec7b86c7633;65368d4331acd55571c0c3f0
Distraccion;6511ea6285f35ec7b86c7633;65368d4331acd55571c0c3f0
El Molino;6511ea6285f35ec7b86c7633;65368d4331acd55571c0c3f0
Fonseca;6511ea6285f35ec7b86c7633;65368d4331acd55571c0c3f0
Hatonuevo;6511ea6285f35ec7b86c7633;65368d4331acd55571c0c3f0
La Jagua Del Pilar;6511ea6285f35ec7b86c7633;65368d4331acd55571c0c3f0
San Juan Del Cesar;6511ea6285f35ec7b86c7633;65368d4331acd55571c0c3f0
Urumita;6511ea6285f35ec7b86c7633;65368d4331acd55571c0c3f0
Villanueva;6511ea6285f35ec7b86c7633;65368d4331acd55571c0c3e1
Ariguaní;6511ea6285f35ec7b86c7633;65368d4331acd55571c0c3ef
Chibolo;6511ea6285f35ec7b86c7633;65368d4331acd55571c0c3ef
Nueva Granada;6511ea6285f35ec7b86c7633;65368d4331acd55571c0c3ef
Plato;6511ea6285f35ec7b86c7633;65368d4331acd55571c0c3ef
Sabanas De San Angel;6511ea6285f35ec7b86c7633;65368d4331acd55571c0c3ef
Tenerife;6511ea6285f35ec7b86c7633;65368d4331acd55571c0c3ef
Algarrobo;6511ea6285f35ec7b86c7633;65368d4331acd55571c0c3ef
Aracataca;6511ea6285f35ec7b86c7633;65368d4331acd55571c0c3ef
Ciénaga;6511ea6285f35ec7b86c7633;65368d4331acd55571c0c3ef
El Reten;6511ea6285f35ec7b86c7633;65368d4331acd55571c0c3ef
Fundacion;6511ea6285f35ec7b86c7633;65368d4331acd55571c0c3ef
Pueblo Viejo;6511ea6285f35ec7b86c7633;65368d4331acd55571c0c3ef
Zona Bananera;6511ea6285f35ec7b86c7633;65368d4331acd55571c0c3ef
Cerro San Antonio;6511ea6285f35ec7b86c7633;65368d4331acd55571c0c3ef
Concordia;6511ea6285f35ec7b86c7633;65368d4331acd55571c0c3dd
El Piñon;6511ea6285f35ec7b86c7633;65368d4331acd55571c0c3ef
Pedraza;6511ea6285f35ec7b86c7633;65368d4331acd55571c0c3ef
Pivijay;6511ea6285f35ec7b86c7633;65368d4331acd55571c0c3ef
Remolino;6511ea6285f35ec7b86c7633;65368d4331acd55571c0c3ef
Salamina;6511ea6285f35ec7b86c7633;65368d4331acd55571c0c3e4
Sitionuevo;6511ea6285f35ec7b86c7633;65368d4331acd55571c0c3ef
Zapayan;6511ea6285f35ec7b86c7633;65368d4331acd55571c0c3ef
Santa Marta;6511ea6285f35ec7b86c7633;65368d4331acd55571c0c3ef
El Banco;6511ea6285f35ec7b86c7633;65368d4331acd55571c0c3ef
Guamal;6511ea6285f35ec7b86c7633;65368d4331acd55571c0c3ef
Pijiño Del Carmen;6511ea6285f35ec7b86c7633;65368d4331acd55571c0c3ef
San Sebastian De Buenavista;6511ea6285f35ec7b86c7633;65368d4331acd55571c0c3ef
San Zenon;6511ea6285f35ec7b86c7633;65368d4331acd55571c0c3ef
Santa Ana;6511ea6285f35ec7b86c7633;65368d4331acd55571c0c3ef
Santa Barbara De Pinto;6511ea6285f35ec7b86c7633;65368d4331acd55571c0c3ef
El Castillo;6511ea6285f35ec7b86c7633;65368d4331acd55571c0c3f2
El Dorado;6511ea6285f35ec7b86c7633;65368d4331acd55571c0c3f2
Fuente De Oro;6511ea6285f35ec7b86c7633;65368d4331acd55571c0c3f2
Granada;6511ea6285f35ec7b86c7633;65368d4331acd55571c0c3dd
La Macarena;6511ea6285f35ec7b86c7633;65368d4331acd55571c0c3f2
La Uribe;6511ea6285f35ec7b86c7633;65368d4331acd55571c0c3f2
Lejanías;6511ea6285f35ec7b86c7633;65368d4331acd55571c0c3f2
Mapiripan;6511ea6285f35ec7b86c7633;65368d4331acd55571c0c3eb
Mesetas;6511ea6285f35ec7b86c7633;65368d4331acd55571c0c3f2
Puerto Concordia;6511ea6285f35ec7b86c7633;65368d4331acd55571c0c3f2
Puerto Lleras;6511ea6285f35ec7b86c7633;65368d4331acd55571c0c3f2
Puerto Rico;6511ea6285f35ec7b86c7633;65368d4331acd55571c0c3e5
San Juan De Arama;6511ea6285f35ec7b86c7633;65368d4331acd55571c0c3f2
Vista Hermosa;6511ea6285f35ec7b86c7633;65368d4331acd55571c0c3f2
Villavicencio;6511ea6285f35ec7b86c7633;65368d4331acd55571c0c3f2
Acacias;6511ea6285f35ec7b86c7633;65368d4331acd55571c0c3f2
Barranca De Upia;6511ea6285f35ec7b86c7633;65368d4331acd55571c0c3f2
Castilla La Nueva;6511ea6285f35ec7b86c7633;65368d4331acd55571c0c3f2
Cumaral;6511ea6285f35ec7b86c7633;65368d4331acd55571c0c3f2
El Calvario;6511ea6285f35ec7b86c7633;65368d4331acd55571c0c3f2
Guamal;6511ea6285f35ec7b86c7633;65368d4331acd55571c0c3ef
Restrepo;6511ea6285f35ec7b86c7633;65368d4331acd55571c0c3f2
San Carlos Guaroa;6511ea6285f35ec7b86c7633;65368d4331acd55571c0c3f2
San Juanito;6511ea6285f35ec7b86c7633;65368d4331acd55571c0c3f2
San Luis De Cubarral;6511ea6285f35ec7b86c7633;65368d4331acd55571c0c3f2
San Martín;6511ea6285f35ec7b86c7633;65368d4331acd55571c0c3e7
Cabuyaro;6511ea6285f35ec7b86c7633;65368d4331acd55571c0c3f2
Puerto Gaitán;6511ea6285f35ec7b86c7633;65368d4331acd55571c0c3f2
Puerto Lopez;6511ea6285f35ec7b86c7633;65368d4331acd55571c0c3f2
Chachagui;6511ea6285f35ec7b86c7633;65368d4331acd55571c0c3f1
Consaca;6511ea6285f35ec7b86c7633;65368d4331acd55571c0c3f1
El Peñol;6511ea6285f35ec7b86c7633;65368d4331acd55571c0c3f1
El Tambo;6511ea6285f35ec7b86c7633;65368d4331acd55571c0c3e6
La Florida;6511ea6285f35ec7b86c7633;65368d4331acd55571c0c3f1
Nariño;6511ea6285f35ec7b86c7633;65368d4331acd55571c0c3dd
Pasto;6511ea6285f35ec7b86c7633;65368d4331acd55571c0c3f1
Sandoná;6511ea6285f35ec7b86c7633;65368d4331acd55571c0c3f1
Tangua;6511ea6285f35ec7b86c7633;65368d4331acd55571c0c3f1
Yacuanquer;6511ea6285f35ec7b86c7633;65368d4331acd55571c0c3f1
Ancuya;6511ea6285f35ec7b86c7633;65368d4331acd55571c0c3f1
Guaitarilla;6511ea6285f35ec7b86c7633;65368d4331acd55571c0c3f1
La Llanada;6511ea6285f35ec7b86c7633;65368d4331acd55571c0c3f1
Linares;6511ea6285f35ec7b86c7633;65368d4331acd55571c0c3f1
Los Andes;6511ea6285f35ec7b86c7633;65368d4331acd55571c0c3f1
Mallama;6511ea6285f35ec7b86c7633;65368d4331acd55571c0c3f1
Ospina;6511ea6285f35ec7b86c7633;65368d4331acd55571c0c3f1
Providencia;6511ea6285f35ec7b86c7633;65368d4331acd55571c0c3f1
Ricaurte;6511ea6285f35ec7b86c7633;65368d4331acd55571c0c3ea
Samaniego;6511ea6285f35ec7b86c7633;65368d4331acd55571c0c3f1
Santa Cruz;6511ea6285f35ec7b86c7633;65368d4331acd55571c0c3f1
Sapuyes;6511ea6285f35ec7b86c7633;65368d4331acd55571c0c3f1
Tuquerres;6511ea6285f35ec7b86c7633;65368d4331acd55571c0c3f1
Barbacoas;6511ea6285f35ec7b86c7633;65368d4331acd55571c0c3f1
El Charco;6511ea6285f35ec7b86c7633;65368d4331acd55571c0c3f1
Francisco Pizarro;6511ea6285f35ec7b86c7633;65368d4331acd55571c0c3f1
La Tola;6511ea6285f35ec7b86c7633;65368d4331acd55571c0c3f1
Magui;6511ea6285f35ec7b86c7633;65368d4331acd55571c0c3f1
Mosquera;6511ea6285f35ec7b86c7633;65368d4331acd55571c0c3ea
Olaya Herrera;6511ea6285f35ec7b86c7633;65368d4331acd55571c0c3f1
Roberto Payan;6511ea6285f35ec7b86c7633;65368d4331acd55571c0c3f1
Santa Barbara;6511ea6285f35ec7b86c7633;65368d4331acd55571c0c3dd
Tumaco;6511ea6285f35ec7b86c7633;65368d4331acd55571c0c3f1
Alban;6511ea6285f35ec7b86c7633;65368d4331acd55571c0c3f1
Arboleda;6511ea6285f35ec7b86c7633;65368d4331acd55571c0c3f1
Belen;6511ea6285f35ec7b86c7633;65368d4331acd55571c0c3f1
Buesaco;6511ea6285f35ec7b86c7633;65368d4331acd55571c0c3f1
Colon;6511ea6285f35ec7b86c7633;65368d4331acd55571c0c3f1
Cumbitara;6511ea6285f35ec7b86c7633;65368d4331acd55571c0c3f1
El Rosario;6511ea6285f35ec7b86c7633;65368d4331acd55571c0c3f1
El Tablon De Gomez;6511ea6285f35ec7b86c7633;65368d4331acd55571c0c3f1
La Cruz;6511ea6285f35ec7b86c7633;65368d4331acd55571c0c3f1
La Union;6511ea6285f35ec7b86c7633;65368d4331acd55571c0c3f1
Leiva;6511ea6285f35ec7b86c7633;65368d4331acd55571c0c3f1
Policarpa;6511ea6285f35ec7b86c7633;65368d4331acd55571c0c3f1
San Bernardo;6511ea6285f35ec7b86c7633;65368d4331acd55571c0c3ea
San Lorenzo;6511ea6285f35ec7b86c7633;65368d4331acd55571c0c3f1
San Pablo;6511ea6285f35ec7b86c7633;65368d4331acd55571c0c3e1
San Pedro De Cartago;6511ea6285f35ec7b86c7633;65368d4331acd55571c0c3f1
Taminango;6511ea6285f35ec7b86c7633;65368d4331acd55571c0c3f1
Aldana;6511ea6285f35ec7b86c7633;65368d4331acd55571c0c3f1
Contadero;6511ea6285f35ec7b86c7633;65368d4331acd55571c0c3f1
Córdoba;6511ea6285f35ec7b86c7633;65368d4331acd55571c0c3e1
Cuaspud;6511ea6285f35ec7b86c7633;65368d4331acd55571c0c3f1
Cumbal;6511ea6285f35ec7b86c7633;65368d4331acd55571c0c3f1
Funes;6511ea6285f35ec7b86c7633;65368d4331acd55571c0c3f1
Guachucal;6511ea6285f35ec7b86c7633;65368d4331acd55571c0c3f1
Gualmatan;6511ea6285f35ec7b86c7633;65368d4331acd55571c0c3f1
Iles;6511ea6285f35ec7b86c7633;65368d4331acd55571c0c3f1
Imues;6511ea6285f35ec7b86c7633;65368d4331acd55571c0c3f1
Ipiales;6511ea6285f35ec7b86c7633;65368d4331acd55571c0c3f1
Potosí;6511ea6285f35ec7b86c7633;65368d4331acd55571c0c3f1
Puerres;6511ea6285f35ec7b86c7633;65368d4331acd55571c0c3f1
Pupiales;6511ea6285f35ec7b86c7633;65368d4331acd55571c0c3f1
Arboledas;6511ea6285f35ec7b86c7633;65368d4331acd55571c0c3f3
Cucutilla;6511ea6285f35ec7b86c7633;65368d4331acd55571c0c3f3
Gramalote;6511ea6285f35ec7b86c7633;65368d4331acd55571c0c3f3
Lourdes;6511ea6285f35ec7b86c7633;65368d4331acd55571c0c3f3
Salazar;6511ea6285f35ec7b86c7633;65368d4331acd55571c0c3f3
Santiago;6511ea6285f35ec7b86c7633;65368d4331acd55571c0c3f3
Villa Caro;6511ea6285f35ec7b86c7633;65368d4331acd55571c0c3f3
Bucarasica;6511ea6285f35ec7b86c7633;65368d4331acd55571c0c3f3
El Tarra;6511ea6285f35ec7b86c7633;65368d4331acd55571c0c3f3
Sardinata;6511ea6285f35ec7b86c7633;65368d4331acd55571c0c3f3
Tibú;6511ea6285f35ec7b86c7633;65368d4331acd55571c0c3f3
Abrego;6511ea6285f35ec7b86c7633;65368d4331acd55571c0c3f3
Cachirá;6511ea6285f35ec7b86c7633;65368d4331acd55571c0c3f3
Convención;6511ea6285f35ec7b86c7633;65368d4331acd55571c0c3f3
El Carmen;6511ea6285f35ec7b86c7633;65368d4331acd55571c0c3f3
Hacarí;6511ea6285f35ec7b86c7633;65368d4331acd55571c0c3f3
La Esperanza;6511ea6285f35ec7b86c7633;65368d4331acd55571c0c3f3
La Playa;6511ea6285f35ec7b86c7633;65368d4331acd55571c0c3f3
Ocaña;6511ea6285f35ec7b86c7633;65368d4331acd55571c0c3f3
San Calixto;6511ea6285f35ec7b86c7633;65368d4331acd55571c0c3f3
Teorama;6511ea6285f35ec7b86c7633;65368d4331acd55571c0c3f3
Cúcuta;6511ea6285f35ec7b86c7633;65368d4331acd55571c0c3f3
El Zulia;6511ea6285f35ec7b86c7633;65368d4331acd55571c0c3f3
Los Patios;6511ea6285f35ec7b86c7633;65368d4331acd55571c0c3f3
Puerto Santander;6511ea6285f35ec7b86c7633;65368d4331acd55571c0c3dc
San Cayetano;6511ea6285f35ec7b86c7633;65368d4331acd55571c0c3ea
Villa Del Rosario;6511ea6285f35ec7b86c7633;65368d4331acd55571c0c3f3
Cácota;6511ea6285f35ec7b86c7633;65368d4331acd55571c0c3f3
Chitagá;6511ea6285f35ec7b86c7633;65368d4331acd55571c0c3f3
Mutiscua;6511ea6285f35ec7b86c7633;65368d4331acd55571c0c3f3
Pamplona;6511ea6285f35ec7b86c7633;65368d4331acd55571c0c3f3
Pamplonita;6511ea6285f35ec7b86c7633;65368d4331acd55571c0c3f3
Silos;6511ea6285f35ec7b86c7633;65368d4331acd55571c0c3f3
Bochalema;6511ea6285f35ec7b86c7633;65368d4331acd55571c0c3f3
Chinácota;6511ea6285f35ec7b86c7633;65368d4331acd55571c0c3f3
Durania;6511ea6285f35ec7b86c7633;65368d4331acd55571c0c3f3
Herrán;6511ea6285f35ec7b86c7633;65368d4331acd55571c0c3f3
Labateca;6511ea6285f35ec7b86c7633;65368d4331acd55571c0c3f3
Ragonvalia;6511ea6285f35ec7b86c7633;65368d4331acd55571c0c3f3
Toledo;6511ea6285f35ec7b86c7633;65368d4331acd55571c0c3dd
Colón;6511ea6285f35ec7b86c7633;65368d4331acd55571c0c3f4
Mocoa;6511ea6285f35ec7b86c7633;65368d4331acd55571c0c3f4
Orito;6511ea6285f35ec7b86c7633;65368d4331acd55571c0c3f4
Puerto Asis;6511ea6285f35ec7b86c7633;65368d4331acd55571c0c3f4
Puerto Caicedo;6511ea6285f35ec7b86c7633;65368d4331acd55571c0c3f4
Puerto Guzman;6511ea6285f35ec7b86c7633;65368d4331acd55571c0c3f4
Puerto Leguizamo;6511ea6285f35ec7b86c7633;65368d4331acd55571c0c3f4
San Francisco;6511ea6285f35ec7b86c7633;65368d4331acd55571c0c3dd
San Miguel;6511ea6285f35ec7b86c7633;65368d4331acd55571c0c3f4
Santiago;6511ea6285f35ec7b86c7633;65368d4331acd55571c0c3f3
Sibundoy;6511ea6285f35ec7b86c7633;65368d4331acd55571c0c3f4
Valle Del Guamuez;6511ea6285f35ec7b86c7633;65368d4331acd55571c0c3f4
Villa Garzon;6511ea6285f35ec7b86c7633;65368d4331acd55571c0c3f4
Armenia;6511ea6285f35ec7b86c7633;65368d4331acd55571c0c3dd
Buenavista;6511ea6285f35ec7b86c7633;65368d4331acd55571c0c3e2
Calarca;6511ea6285f35ec7b86c7633;65368d4331acd55571c0c3f5
Cordoba;6511ea6285f35ec7b86c7633;65368d4331acd55571c0c3f5
Genova;6511ea6285f35ec7b86c7633;65368d4331acd55571c0c3f5
Pijao;6511ea6285f35ec7b86c7633;65368d4331acd55571c0c3f5
Filandia;6511ea6285f35ec7b86c7633;65368d4331acd55571c0c3f5
Salento;6511ea6285f35ec7b86c7633;65368d4331acd55571c0c3f5
Circasia;6511ea6285f35ec7b86c7633;65368d4331acd55571c0c3f5
La Tebaida;6511ea6285f35ec7b86c7633;65368d4331acd55571c0c3f5
Montengro;6511ea6285f35ec7b86c7633;65368d4331acd55571c0c3f5
Quimbaya;6511ea6285f35ec7b86c7633;65368d4331acd55571c0c3f5
Dosquebradas;6511ea6285f35ec7b86c7633;65368d4331acd55571c0c3f6
La Virginia;6511ea6285f35ec7b86c7633;65368d4331acd55571c0c3f6
Marsella;6511ea6285f35ec7b86c7633;65368d4331acd55571c0c3f6
Pereira;6511ea6285f35ec7b86c7633;65368d4331acd55571c0c3f6
Santa Rosa De Cabal;6511ea6285f35ec7b86c7633;65368d4331acd55571c0c3f6
Apía;6511ea6285f35ec7b86c7633;65368d4331acd55571c0c3f6
Balboa;6511ea6285f35ec7b86c7633;65368d4331acd55571c0c3e6
Belén De Umbría;6511ea6285f35ec7b86c7633;65368d4331acd55571c0c3f6
Guática;6511ea6285f35ec7b86c7633;65368d4331acd55571c0c3f6
La Celia;6511ea6285f35ec7b86c7633;65368d4331acd55571c0c3f6
Quinchia;6511ea6285f35ec7b86c7633;65368d4331acd55571c0c3f6
Santuario;6511ea6285f35ec7b86c7633;65368d4331acd55571c0c3dd
Mistrató;6511ea6285f35ec7b86c7633;65368d4331acd55571c0c3f6
Pueblo Rico;6511ea6285f35ec7b86c7633;65368d4331acd55571c0c3f6
Chima;6511ea6285f35ec7b86c7633;65368d4331acd55571c0c3f7
Confines;6511ea6285f35ec7b86c7633;65368d4331acd55571c0c3f7
Contratación;6511ea6285f35ec7b86c7633;65368d4331acd55571c0c3f7
El Guacamayo;6511ea6285f35ec7b86c7633;65368d4331acd55571c0c3f7
Galán;6511ea6285f35ec7b86c7633;65368d4331acd55571c0c3f7
Gambita;6511ea6285f35ec7b86c7633;65368d4331acd55571c0c3f7
Guadalupe;6511ea6285f35ec7b86c7633;65368d4331acd55571c0c3dd
Guapotá;6511ea6285f35ec7b86c7633;65368d4331acd55571c0c3f7
Hato;6511ea6285f35ec7b86c7633;65368d4331acd55571c0c3f7
Oiba;6511ea6285f35ec7b86c7633;65368d4331acd55571c0c3f7
Palmar;6511ea6285f35ec7b86c7633;65368d4331acd55571c0c3f7
Palmas Del Socorro;6511ea6285f35ec7b86c7633;65368d4331acd55571c0c3f7
Santa Helena Del Opón;6511ea6285f35ec7b86c7633;65368d4331acd55571c0c3f7
Simacota;6511ea6285f35ec7b86c7633;65368d4331acd55571c0c3f7
Socorro;6511ea6285f35ec7b86c7633;65368d4331acd55571c0c3f7
Suaita;6511ea6285f35ec7b86c7633;65368d4331acd55571c0c3f7
Capitanejo;6511ea6285f35ec7b86c7633;65368d4331acd55571c0c3f7
Carcasí;6511ea6285f35ec7b86c7633;65368d4331acd55571c0c3f7
Cepitá;6511ea6285f35ec7b86c7633;65368d4331acd55571c0c3f7
Cerrito;6511ea6285f35ec7b86c7633;65368d4331acd55571c0c3f7
Concepción;6511ea6285f35ec7b86c7633;65368d4331acd55571c0c3dd
Enciso;6511ea6285f35ec7b86c7633;65368d4331acd55571c0c3f7
Guaca;6511ea6285f35ec7b86c7633;65368d4331acd55571c0c3f7
Macaravita;6511ea6285f35ec7b86c7633;65368d4331acd55571c0c3f7
Málaga;6511ea6285f35ec7b86c7633;65368d4331acd55571c0c3f7
Molagavita;6511ea6285f35ec7b86c7633;65368d4331acd55571c0c3f7
San Andrés;6511ea6285f35ec7b86c7633;65368d4331acd55571c0c3dd
San José De Miranda;6511ea6285f35ec7b86c7633;65368d4331acd55571c0c3f7
San Miguel;6511ea6285f35ec7b86c7633;65368d4331acd55571c0c3f4
Aratoca;6511ea6285f35ec7b86c7633;65368d4331acd55571c0c3f7
Barichara;6511ea6285f35ec7b86c7633;65368d4331acd55571c0c3f7
Cabrera;6511ea6285f35ec7b86c7633;65368d4331acd55571c0c3ea
Charalá;6511ea6285f35ec7b86c7633;65368d4331acd55571c0c3f7
Coromoro;6511ea6285f35ec7b86c7633;65368d4331acd55571c0c3f7
Curití;6511ea6285f35ec7b86c7633;65368d4331acd55571c0c3f7
Encino;6511ea6285f35ec7b86c7633;65368d4331acd55571c0c3f7
Jordán;6511ea6285f35ec7b86c7633;65368d4331acd55571c0c3f7
Mogotes;6511ea6285f35ec7b86c7633;65368d4331acd55571c0c3f7
Ocamonte;6511ea6285f35ec7b86c7633;65368d4331acd55571c0c3f7
Onzaga;6511ea6285f35ec7b86c7633;65368d4331acd55571c0c3f7
Páramo;6511ea6285f35ec7b86c7633;65368d4331acd55571c0c3f7
Pinchote;6511ea6285f35ec7b86c7633;65368d4331acd55571c0c3f7
San Gil;6511ea6285f35ec7b86c7633;65368d4331acd55571c0c3f7
San Joaquín;6511ea6285f35ec7b86c7633;65368d4331acd55571c0c3f7
Valle De San José;6511ea6285f35ec7b86c7633;65368d4331acd55571c0c3f7
Villanueva;6511ea6285f35ec7b86c7633;65368d4331acd55571c0c3e1
Barrancabermeja;6511ea6285f35ec7b86c7633;65368d4331acd55571c0c3f7
Betulia;6511ea6285f35ec7b86c7633;65368d4331acd55571c0c3dd
El Carmen De Chucurí;6511ea6285f35ec7b86c7633;65368d4331acd55571c0c3f7
Puerto Wilches;6511ea6285f35ec7b86c7633;65368d4331acd55571c0c3f7
Sabana De Torres;6511ea6285f35ec7b86c7633;65368d4331acd55571c0c3f7
San Vicente De Chucurí;6511ea6285f35ec7b86c7633;65368d4331acd55571c0c3f7
Zapatoca;6511ea6285f35ec7b86c7633;65368d4331acd55571c0c3f7
Bucaramanga;6511ea6285f35ec7b86c7633;65368d4331acd55571c0c3f7
California;6511ea6285f35ec7b86c7633;65368d4331acd55571c0c3f7
Charta;6511ea6285f35ec7b86c7633;65368d4331acd55571c0c3f7
El Playón;6511ea6285f35ec7b86c7633;65368d4331acd55571c0c3f7
Floridablanca;6511ea6285f35ec7b86c7633;65368d4331acd55571c0c3f7
Girón;6511ea6285f35ec7b86c7633;65368d4331acd55571c0c3f7
Lebríja;6511ea6285f35ec7b86c7633;65368d4331acd55571c0c3f7
Los Santos;6511ea6285f35ec7b86c7633;65368d4331acd55571c0c3f7
Matanza;6511ea6285f35ec7b86c7633;65368d4331acd55571c0c3f7
Piedecuesta;6511ea6285f35ec7b86c7633;65368d4331acd55571c0c3f7
Rionegro;6511ea6285f35ec7b86c7633;65368d4331acd55571c0c3dd
Santa Bárbara;6511ea6285f35ec7b86c7633;65368d4331acd55571c0c3f7
Surata;6511ea6285f35ec7b86c7633;65368d4331acd55571c0c3f7
Tona;6511ea6285f35ec7b86c7633;65368d4331acd55571c0c3f7
Vetas;6511ea6285f35ec7b86c7633;65368d4331acd55571c0c3f7
Aguada;6511ea6285f35ec7b86c7633;65368d4331acd55571c0c3f7
Albania;6511ea6285f35ec7b86c7633;65368d4331acd55571c0c3e5
Barbosa;6511ea6285f35ec7b86c7633;65368d4331acd55571c0c3dd
Bolívar;6511ea6285f35ec7b86c7633;65368d4331acd55571c0c3e6
Chipatá;6511ea6285f35ec7b86c7633;65368d4331acd55571c0c3f7
Cimitarra;6511ea6285f35ec7b86c7633;65368d4331acd55571c0c3f7
El Peñón;6511ea6285f35ec7b86c7633;65368d4331acd55571c0c3ea
Florián;6511ea6285f35ec7b86c7633;65368d4331acd55571c0c3f7
Guavatá;6511ea6285f35ec7b86c7633;65368d4331acd55571c0c3f7
Guepsa;6511ea6285f35ec7b86c7633;65368d4331acd55571c0c3f7
Jesús María;6511ea6285f35ec7b86c7633;65368d4331acd55571c0c3f7
La Belleza;6511ea6285f35ec7b86c7633;65368d4331acd55571c0c3f7
La Paz;6511ea6285f35ec7b86c7633;65368d4331acd55571c0c3e7
Landázuri;6511ea6285f35ec7b86c7633;65368d4331acd55571c0c3f7
Puente Nacional;6511ea6285f35ec7b86c7633;65368d4331acd55571c0c3f7
Puerto Parra;6511ea6285f35ec7b86c7633;65368d4331acd55571c0c3f7
San Benito;6511ea6285f35ec7b86c7633;65368d4331acd55571c0c3f7
Sucre;6511ea6285f35ec7b86c7633;65368d4331acd55571c0c3e6
Vélez;6511ea6285f35ec7b86c7633;65368d4331acd55571c0c3f7
Guaranda;6511ea6285f35ec7b86c7633;65368d4331acd55571c0c3f8
Majagual;6511ea6285f35ec7b86c7633;65368d4331acd55571c0c3f8
Sucre;6511ea6285f35ec7b86c7633;65368d4331acd55571c0c3e6
Chalán;6511ea6285f35ec7b86c7633;65368d4331acd55571c0c3f8
Coloso;6511ea6285f35ec7b86c7633;65368d4331acd55571c0c3f8
Morroa;6511ea6285f35ec7b86c7633;65368d4331acd55571c0c3f8
Ovejas;6511ea6285f35ec7b86c7633;65368d4331acd55571c0c3f8
Sincelejo;6511ea6285f35ec7b86c7633;65368d4331acd55571c0c3f8
Coveñas;6511ea6285f35ec7b86c7633;65368d4331acd55571c0c3f8
Palmito;6511ea6285f35ec7b86c7633;65368d4331acd55571c0c3f8
San Onofre;6511ea6285f35ec7b86c7633;65368d4331acd55571c0c3f8
Santiago De Tolú;6511ea6285f35ec7b86c7633;65368d4331acd55571c0c3f8
Tolú Viejo;6511ea6285f35ec7b86c7633;65368d4331acd55571c0c3f8
Buenavista;6511ea6285f35ec7b86c7633;65368d4331acd55571c0c3e2
Corozal;6511ea6285f35ec7b86c7633;65368d4331acd55571c0c3f8
El Roble;6511ea6285f35ec7b86c7633;65368d4331acd55571c0c3f8
Galeras;6511ea6285f35ec7b86c7633;65368d4331acd55571c0c3f8
Los Palmitos;6511ea6285f35ec7b86c7633;65368d4331acd55571c0c3f8
Sampués;6511ea6285f35ec7b86c7633;65368d4331acd55571c0c3f8
San Juan Betulia;6511ea6285f35ec7b86c7633;65368d4331acd55571c0c3f8
San Pedro;6511ea6285f35ec7b86c7633;65368d4331acd55571c0c3dd
Sincé;6511ea6285f35ec7b86c7633;65368d4331acd55571c0c3f8
Caimito;6511ea6285f35ec7b86c7633;65368d4331acd55571c0c3f8
La Unión;6511ea6285f35ec7b86c7633;65368d4331acd55571c0c3dd
San Benito Abad;6511ea6285f35ec7b86c7633;65368d4331acd55571c0c3f8
San Marcos;6511ea6285f35ec7b86c7633;65368d4331acd55571c0c3f8
Ambalema;6511ea6285f35ec7b86c7633;65368d4331acd55571c0c3f9
Armero;6511ea6285f35ec7b86c7633;65368d4331acd55571c0c3f9
Falan;6511ea6285f35ec7b86c7633;65368d4331acd55571c0c3f9
Fresno;6511ea6285f35ec7b86c7633;65368d4331acd55571c0c3f9
Honda;6511ea6285f35ec7b86c7633;65368d4331acd55571c0c3f9
Mariquita;6511ea6285f35ec7b86c7633;65368d4331acd55571c0c3f9
Palocabildo;6511ea6285f35ec7b86c7633;65368d4331acd55571c0c3f9
Carmen De Apicalá;6511ea6285f35ec7b86c7633;65368d4331acd55571c0c3f9
Cunday;6511ea6285f35ec7b86c7633;65368d4331acd55571c0c3f9
Icononzo;6511ea6285f35ec7b86c7633;65368d4331acd55571c0c3f9
Melgar;6511ea6285f35ec7b86c7633;65368d4331acd55571c0c3f9
Villarrica;6511ea6285f35ec7b86c7633;65368d4331acd55571c0c3f9
Ataco;6511ea6285f35ec7b86c7633;65368d4331acd55571c0c3f9
Chaparral;6511ea6285f35ec7b86c7633;65368d4331acd55571c0c3f9
Coyaima;6511ea6285f35ec7b86c7633;65368d4331acd55571c0c3f9
Natagaima;6511ea6285f35ec7b86c7633;65368d4331acd55571c0c3f9
Ortega;6511ea6285f35ec7b86c7633;65368d4331acd55571c0c3f9
Planadas;6511ea6285f35ec7b86c7633;65368d4331acd55571c0c3f9
Rioblanco;6511ea6285f35ec7b86c7633;65368d4331acd55571c0c3f9
Roncesvalles;6511ea6285f35ec7b86c7633;65368d4331acd55571c0c3f9
San Antonio;6511ea6285f35ec7b86c7633;65368d4331acd55571c0c3f9
Alvarado;6511ea6285f35ec7b86c7633;65368d4331acd55571c0c3f9
Anzoátegui;6511ea6285f35ec7b86c7633;65368d4331acd55571c0c3f9
Cajamarca;6511ea6285f35ec7b86c7633;65368d4331acd55571c0c3f9
Coello;6511ea6285f35ec7b86c7633;65368d4331acd55571c0c3f9
Espinal;6511ea6285f35ec7b86c7633;65368d4331acd55571c0c3f9
Flandes;6511ea6285f35ec7b86c7633;65368d4331acd55571c0c3f9
Ibague;6511ea6285f35ec7b86c7633;65368d4331acd55571c0c3f9
Piedras;6511ea6285f35ec7b86c7633;65368d4331acd55571c0c3f9
Rovira;6511ea6285f35ec7b86c7633;65368d4331acd55571c0c3f9
San Luis;6511ea6285f35ec7b86c7633;65368d4331acd55571c0c3dd
Valle De San Juan;6511ea6285f35ec7b86c7633;65368d4331acd55571c0c3f9
Alpujarra;6511ea6285f35ec7b86c7633;65368d4331acd55571c0c3f9
Dolores;6511ea6285f35ec7b86c7633;65368d4331acd55571c0c3f9
Guamo;6511ea6285f35ec7b86c7633;65368d4331acd55571c0c3f9
Prado;6511ea6285f35ec7b86c7633;65368d4331acd55571c0c3f9
Purificación;6511ea6285f35ec7b86c7633;65368d4331acd55571c0c3f9
Saldaña;6511ea6285f35ec7b86c7633;65368d4331acd55571c0c3f9
Suárez;6511ea6285f35ec7b86c7633;65368d4331acd55571c0c3f9
Casabianca;6511ea6285f35ec7b86c7633;65368d4331acd55571c0c3f9
Herveo;6511ea6285f35ec7b86c7633;65368d4331acd55571c0c3f9
Lerida;6511ea6285f35ec7b86c7633;65368d4331acd55571c0c3f9
Libano;6511ea6285f35ec7b86c7633;65368d4331acd55571c0c3f9
Murillo;6511ea6285f35ec7b86c7633;65368d4331acd55571c0c3f9
Santa Isabel;6511ea6285f35ec7b86c7633;65368d4331acd55571c0c3f9
Venadillo;6511ea6285f35ec7b86c7633;65368d4331acd55571c0c3f9
Villahermosa;6511ea6285f35ec7b86c7633;65368d4331acd55571c0c3f9
Andalucía;6511ea6285f35ec7b86c7633;65368d4331acd55571c0c3fa
Buga;6511ea6285f35ec7b86c7633;65368d4331acd55571c0c3fa
Bugalagrande;6511ea6285f35ec7b86c7633;65368d4331acd55571c0c3fa
Calima;6511ea6285f35ec7b86c7633;65368d4331acd55571c0c3fa
El Cerrito;6511ea6285f35ec7b86c7633;65368d4331acd55571c0c3fa
Ginebra;6511ea6285f35ec7b86c7633;65368d4331acd55571c0c3fa
Guacarí;6511ea6285f35ec7b86c7633;65368d4331acd55571c0c3fa
Restrepo;6511ea6285f35ec7b86c7633;65368d4331acd55571c0c3f2
Riofrio;6511ea6285f35ec7b86c7633;65368d4331acd55571c0c3fa
San Pedro;6511ea6285f35ec7b86c7633;65368d4331acd55571c0c3dd
Trujillo;6511ea6285f35ec7b86c7633;65368d4331acd55571c0c3fa
Tuluá;6511ea6285f35ec7b86c7633;65368d4331acd55571c0c3fa
Yotoco;6511ea6285f35ec7b86c7633;65368d4331acd55571c0c3fa
Alcala;6511ea6285f35ec7b86c7633;65368d4331acd55571c0c3fa
Ansermanuevo;6511ea6285f35ec7b86c7633;65368d4331acd55571c0c3fa
Argelia;6511ea6285f35ec7b86c7633;65368d4331acd55571c0c3dd
Bolívar;6511ea6285f35ec7b86c7633;65368d4331acd55571c0c3e6
Cartago;6511ea6285f35ec7b86c7633;65368d4331acd55571c0c3fa
El Águila;6511ea6285f35ec7b86c7633;65368d4331acd55571c0c3fa
El Cairo;6511ea6285f35ec7b86c7633;65368d4331acd55571c0c3fa
El Dovio;6511ea6285f35ec7b86c7633;65368d4331acd55571c0c3fa
La Unión;6511ea6285f35ec7b86c7633;65368d4331acd55571c0c3dd
La Victoria;6511ea6285f35ec7b86c7633;65368d4331acd55571c0c3dc
Obando;6511ea6285f35ec7b86c7633;65368d4331acd55571c0c3fa
Roldanillo;6511ea6285f35ec7b86c7633;65368d4331acd55571c0c3fa
Toro;6511ea6285f35ec7b86c7633;65368d4331acd55571c0c3fa
Ulloa;6511ea6285f35ec7b86c7633;65368d4331acd55571c0c3fa
Versalles;6511ea6285f35ec7b86c7633;65368d4331acd55571c0c3fa
Zarzal;6511ea6285f35ec7b86c7633;65368d4331acd55571c0c3fa
Buenaventura;6511ea6285f35ec7b86c7633;65368d4331acd55571c0c3fa
Caicedonia;6511ea6285f35ec7b86c7633;65368d4331acd55571c0c3fa
Sevilla;6511ea6285f35ec7b86c7633;65368d4331acd55571c0c3fa
Cali;6511ea6285f35ec7b86c7633;65368d4331acd55571c0c3fa
Candelaria;6511ea6285f35ec7b86c7633;65368d4331acd55571c0c3e0
Dagua;6511ea6285f35ec7b86c7633;65368d4331acd55571c0c3fa
Florida;6511ea6285f35ec7b86c7633;65368d4331acd55571c0c3fa
Jamundí;6511ea6285f35ec7b86c7633;65368d4331acd55571c0c3fa
La Cumbre;6511ea6285f35ec7b86c7633;65368d4331acd55571c0c3fa
Palmira;6511ea6285f35ec7b86c7633;65368d4331acd55571c0c3fa
Pradera;6511ea6285f35ec7b86c7633;65368d4331acd55571c0c3fa
Vijes;6511ea6285f35ec7b86c7633;65368d4331acd55571c0c3fa
Yumbo;6511ea6285f35ec7b86c7633;65368d4331acd55571c0c3fa
Caruru;6511ea6285f35ec7b86c7633;65368d4331acd55571c0c3fd
Mitú;6511ea6285f35ec7b86c7633;65368d4331acd55571c0c3fd
Pacoa;6511ea6285f35ec7b86c7633;65368d4331acd55571c0c3fd
Papunahua;6511ea6285f35ec7b86c7633;65368d4331acd55571c0c3fd
Taraira;6511ea6285f35ec7b86c7633;65368d4331acd55571c0c3fd
Yavaraté;6511ea6285f35ec7b86c7633;65368d4331acd55571c0c3fd
Cumaribo;6511ea6285f35ec7b86c7633;65368d4331acd55571c0c3fb
La Primavera;6511ea6285f35ec7b86c7633;65368d4331acd55571c0c3fb
Puerto Carreño;6511ea6285f35ec7b86c7633;65368d4331acd55571c0c3fb
Santa Rosalía;6511ea6285f35ec7b86c7633;65368d4331acd55571c0c3fb
Puerto Ayacucho;6511ea6285f35ec7b86c763b;65368d4331acd55571c0c3fc
Barcelona;6511ea6285f35ec7b86c763b;65368d4331acd55571c0c3fe
Puerto La Cruz;6511ea6285f35ec7b86c763b;65368d4331acd55571c0c3fe
El Tigre;6511ea6285f35ec7b86c763b;65368d4331acd55571c0c3fe
Anaco;6511ea6285f35ec7b86c763b;65368d4331acd55571c0c3fe
Lecherías;6511ea6285f35ec7b86c763b;65368d4331acd55571c0c3fe
San Fernando;6511ea6285f35ec7b86c763b;65368d4331acd55571c0c3ff
Guasdualito;6511ea6285f35ec7b86c763b;65368d4331acd55571c0c3ff
Maracay;6511ea6285f35ec7b86c763b;65368d4331acd55571c0c400
Turmero;6511ea6285f35ec7b86c763b;65368d4331acd55571c0c400
La Victoria;6511ea6285f35ec7b86c763b;65368d4331acd55571c0c400
Santa Rita;6511ea6285f35ec7b86c763b;65368d4331acd55571c0c400
Palo Negro;6511ea6285f35ec7b86c763b;65368d4331acd55571c0c400
Villa de Cura;6511ea6285f35ec7b86c763b;65368d4331acd55571c0c400
Cagua;6511ea6285f35ec7b86c763b;65368d4331acd55571c0c400
El Limón;6511ea6285f35ec7b86c763b;65368d4331acd55571c0c400
Santa Cruz;6511ea6285f35ec7b86c763b;65368d4331acd55571c0c400
Barinas;6511ea6285f35ec7b86c763b;65368d4331acd55571c0c402
Socopó;6511ea6285f35ec7b86c763b;65368d4331acd55571c0c402
Ciudad Guayana;6511ea6285f35ec7b86c763b;65368d4331acd55571c0c401
Ciudad Bolívar;6511ea6285f35ec7b86c763b;65368d4331acd55571c0c401
Valencia;6511ea6285f35ec7b86c763b;65368d4331acd55571c0c404
Puerto Cabello;6511ea6285f35ec7b86c763b;65368d4331acd55571c0c404
Guacara;6511ea6285f35ec7b86c763b;65368d4331acd55571c0c404
Tocuyito;6511ea6285f35ec7b86c763b;65368d4331acd55571c0c404
San Diego;6511ea6285f35ec7b86c763b;65368d4331acd55571c0c404
Los Guayos;6511ea6285f35ec7b86c763b;65368d4331acd55571c0c404
Naguanagua;6511ea6285f35ec7b86c763b;65368d4331acd55571c0c404
Mariara;6511ea6285f35ec7b86c763b;65368d4331acd55571c0c404
San Carlos;6511ea6285f35ec7b86c763b;65368d4331acd55571c0c403
Tinaquillo;6511ea6285f35ec7b86c763b;65368d4331acd55571c0c403
Tucupita;6511ea6285f35ec7b86c763b;65368d4331acd55571c0c409
Caracas;6511ea6285f35ec7b86c763b;65368d4331acd55571c0c400
Punto Fijo;6511ea6285f35ec7b86c763b;65368d4331acd55571c0c405
Coro;6511ea6285f35ec7b86c763b;65368d4331acd55571c0c405
Calabozo;6511ea6285f35ec7b86c763b;65368d4331acd55571c0c406
Valle de La Pascua;6511ea6285f35ec7b86c763b;65368d4331acd55571c0c406
San Juan de los Morros;6511ea6285f35ec7b86c763b;65368d4331acd55571c0c406
Catia La Mar;6511ea6285f35ec7b86c763b;65368d4331acd55571c0c407
La Guaira;6511ea6285f35ec7b86c763b;65368d4331acd55571c0c407
Barquisimeto;6511ea6285f35ec7b86c763b;65368d4331acd55571c0c408
Carora;6511ea6285f35ec7b86c763b;65368d4331acd55571c0c408
Quíbor;6511ea6285f35ec7b86c763b;65368d4331acd55571c0c408
Cabudare;6511ea6285f35ec7b86c763b;65368d4331acd55571c0c408
Mérida;6511ea6285f35ec7b86c763b;65368d4331acd55571c0c40b
Ejido;6511ea6285f35ec7b86c763b;65368d4331acd55571c0c40b
Santa Teresa del Tuy;6511ea6285f35ec7b86c763b;65368d4331acd55571c0c40a
Petare;6511ea6285f35ec7b86c763b;65368d4331acd55571c0c40a
Los Teques;6511ea6285f35ec7b86c763b;65368d4331acd55571c0c40a
Baruta;6511ea6285f35ec7b86c763b;65368d4331acd55571c0c40a
Cúa;6511ea6285f35ec7b86c763b;65368d4331acd55571c0c40a
Guarenas;6511ea6285f35ec7b86c763b;65368d4331acd55571c0c40a
Guatire;6511ea6285f35ec7b86c763b;65368d4331acd55571c0c40a
Ocumare del Tuy;6511ea6285f35ec7b86c763b;65368d4331acd55571c0c40a
Charallave;6511ea6285f35ec7b86c763b;65368d4331acd55571c0c40a
Santa Lucía;6511ea6285f35ec7b86c763b;65368d4331acd55571c0c40a
Chacao;6511ea6285f35ec7b86c763b;65368d4331acd55571c0c40a
San Antonio de Los Altos;6511ea6285f35ec7b86c763b;65368d4331acd55571c0c40a
El Hatillo;6511ea6285f35ec7b86c763b;65368d4331acd55571c0c40a
Maturín;6511ea6285f35ec7b86c763b;65368d4331acd55571c0c40c
Porlamar;6511ea6285f35ec7b86c763b;65368d4331acd55571c0c40e
La Asunción;6511ea6285f35ec7b86c763b;65368d4331acd55571c0c40e
Santa Ana;6511ea6285f35ec7b86c763b;65368d4331acd55571c0c40e
Pampatar;6511ea6285f35ec7b86c763b;65368d4331acd55571c0c40e
Juangriego;6511ea6285f35ec7b86c763b;65368d4331acd55571c0c40e
La Plaza de Paraguachí;6511ea6285f35ec7b86c763b;65368d4331acd55571c0c40e
San Juan Bautista;6511ea6285f35ec7b86c763b;65368d4331acd55571c0c40e
Acarigua;6511ea6285f35ec7b86c763b;65368d4331acd55571c0c40d
Guanare;6511ea6285f35ec7b86c763b;65368d4331acd55571c0c40d
Araure;6511ea6285f35ec7b86c763b;65368d4331acd55571c0c40d
Cumaná;6511ea6285f35ec7b86c763b;65368d4331acd55571c0c40f
Carúpano;6511ea6285f35ec7b86c763b;65368d4331acd55571c0c40f
San Cristóbal;6511ea6285f35ec7b86c763b;65368d4331acd55571c0c411
Táriba;6511ea6285f35ec7b86c763b;65368d4331acd55571c0c411
Palmira;6511ea6285f35ec7b86c763b;65368d4331acd55571c0c411
Capacho Nuevo;6511ea6285f35ec7b86c763b;65368d4331acd55571c0c411
Capacho Viejo;6511ea6285f35ec7b86c763b;65368d4331acd55571c0c411
Valera;6511ea6285f35ec7b86c763b;65368d4331acd55571c0c410
Trujillo;6511ea6285f35ec7b86c763b;65368d4331acd55571c0c410
Motatán;6511ea6285f35ec7b86c763b;65368d4331acd55571c0c410
San Felipe;6511ea6285f35ec7b86c763b;65368d4331acd55571c0c413
Yaritagua;6511ea6285f35ec7b86c763b;65368d4331acd55571c0c413
Maracaibo;6511ea6285f35ec7b86c763b;65368d4331acd55571c0c412
Cabimas;6511ea6285f35ec7b86c763b;65368d4331acd55571c0c412
Machiques;6511ea6285f35ec7b86c763b;65368d4331acd55571c0c412
Ciudad Ojeda;6511ea6285f35ec7b86c763b;65368d4331acd55571c0c412
San Francisco;6511ea6285f35ec7b86c763b;65368d4331acd55571c0c412
